panel,study,strand_number,strand,strand_key,sequencing_pattern,metric,method,method_raw,mean_score,sd_score,win_mean,win_sd,mean_r2,sd_r2
A,study1,1,Timing Sensitivity,timing,,chance_corrected_pseudo_r2,Hamming,HAM,0.045100779575803024,0.0012826756065138789,,,0.045100779575803024,0.0012826756065138789
A,study1,1,Timing Sensitivity,timing,,chance_corrected_pseudo_r2,OM,OM,0.006780872587388329,0.0003285669347671207,,,0.006780872587388329,0.0003285669347671207
A,study1,1,Timing Sensitivity,timing,,chance_corrected_pseudo_r2,LCP,LCP,0.004830661749856069,0.0002294768076919884,,,0.004830661749856069,0.0002294768076919884
A,study1,1,Timing Sensitivity,timing,,chance_corrected_pseudo_r2,RLCP,RLCP,0.0035126890156043995,0.00026791799697187577,,,0.0035126890156043995,0.00026791799697187577
A,study1,1,Timing Sensitivity,timing,,chance_corrected_pseudo_r2,LCPmst,LCPmst,0.01317341314429429,0.00045514416042084316,,,0.01317341314429429,0.00045514416042084316
A,study1,1,Timing Sensitivity,timing,,chance_corrected_pseudo_r2,RLCPmst,RLCPmst,0.01317341314429429,0.00045514416042084316,,,0.01317341314429429,0.00045514416042084316
A,study1,1,Timing Sensitivity,timing,,chance_corrected_pseudo_r2,LCPspell(expcost=0.00),LCPspell_expcost_0.00,0.00015643296098069844,0.00042195128169104164,,,0.00015643296098069844,0.00042195128169104164
A,study1,1,Timing Sensitivity,timing,,chance_corrected_pseudo_r2,RLCPspell(expcost=0.00),RLCPspell_expcost_0.00,0.00015643296098069844,0.00042195128169104164,,,0.00015643296098069844,0.00042195128169104164
A,study1,1,Timing Sensitivity,timing,,chance_corrected_pseudo_r2,LCPspell(expcost=0.10),LCPspell_expcost_0.10,0.0005042116322044747,0.00041806440390147444,,,0.0005042116322044747,0.00041806440390147444
A,study1,1,Timing Sensitivity,timing,,chance_corrected_pseudo_r2,RLCPspell(expcost=0.10),RLCPspell_expcost_0.10,0.0005042116322044747,0.00041806440390147444,,,0.0005042116322044747,0.00041806440390147444
A,study1,1,Timing Sensitivity,timing,,chance_corrected_pseudo_r2,LCPspell(expcost=0.25),LCPspell_expcost_0.25,0.0010170312836996947,0.0004127679433113905,,,0.0010170312836996947,0.0004127679433113905
A,study1,1,Timing Sensitivity,timing,,chance_corrected_pseudo_r2,RLCPspell(expcost=0.25),RLCPspell_expcost_0.25,0.0010170312836996947,0.0004127679433113905,,,0.0010170312836996947,0.0004127679433113905
A,study1,1,Timing Sensitivity,timing,,chance_corrected_pseudo_r2,LCPspell(expcost=0.50),LCPspell_expcost_0.50,0.0018489221912196348,0.00040532093145512535,,,0.0018489221912196348,0.00040532093145512535
A,study1,1,Timing Sensitivity,timing,,chance_corrected_pseudo_r2,RLCPspell(expcost=0.50),RLCPspell_expcost_0.50,0.0018489221912196348,0.00040532093145512535,,,0.0018489221912196348,0.00040532093145512535
A,study1,1,Timing Sensitivity,timing,,chance_corrected_pseudo_r2,LCPspell(expcost=0.75),LCPspell_expcost_0.75,0.0026535185505529393,0.0003995234482518711,,,0.0026535185505529393,0.0003995234482518711
A,study1,1,Timing Sensitivity,timing,,chance_corrected_pseudo_r2,RLCPspell(expcost=0.75),RLCPspell_expcost_0.75,0.0026535185505529393,0.0003995234482518711,,,0.0026535185505529393,0.0003995234482518711
A,study1,1,Timing Sensitivity,timing,,chance_corrected_pseudo_r2,LCPspell(expcost=1.00),LCPspell_expcost_1.00,0.0034321420095322144,0.0003952803266838421,,,0.0034321420095322144,0.0003952803266838421
A,study1,1,Timing Sensitivity,timing,,chance_corrected_pseudo_r2,RLCPspell(expcost=1.00),RLCPspell_expcost_1.00,0.0034321420095322144,0.0003952803266838421,,,0.0034321420095322144,0.0003952803266838421
A,study1,1,Timing Sensitivity,timing,,chance_corrected_pseudo_r2,LCPspell(expcost=1.50),LCPspell_expcost_1.50,0.00491634351160013,0.00039104283876566307,,,0.00491634351160013,0.00039104283876566307
A,study1,1,Timing Sensitivity,timing,,chance_corrected_pseudo_r2,RLCPspell(expcost=1.50),RLCPspell_expcost_1.50,0.00491634351160013,0.00039104283876566307,,,0.00491634351160013,0.00039104283876566307
A,study1,1,Timing Sensitivity,timing,,chance_corrected_pseudo_r2,LCPspell(expcost=2.00),LCPspell_expcost_2.00,0.006310534387445876,0.00039173961820929213,,,0.006310534387445876,0.00039173961820929213
A,study1,1,Timing Sensitivity,timing,,chance_corrected_pseudo_r2,RLCPspell(expcost=2.00),RLCPspell_expcost_2.00,0.006310534387445869,0.000391739618209299,,,0.006310534387445869,0.000391739618209299
A,study1,1,Timing Sensitivity,timing,,chance_corrected_pseudo_r2,OMspell(expcost=0.00),OMspell_expcost_0.00,0.00015643296098069844,0.00042195128169104164,,,0.00015643296098069844,0.00042195128169104164
A,study1,1,Timing Sensitivity,timing,,chance_corrected_pseudo_r2,OMspellRS(expcost=0.00),OMspellRS_expcost_0.00,0.00015643296098069844,0.00042195128169104164,,,0.00015643296098069844,0.00042195128169104164
A,study1,1,Timing Sensitivity,timing,,chance_corrected_pseudo_r2,OMspell(expcost=0.10),OMspell_expcost_0.10,0.0026436880212439384,0.000349737394513967,,,0.0026436880212439384,0.000349737394513967
A,study1,1,Timing Sensitivity,timing,,chance_corrected_pseudo_r2,OMspellRS(expcost=0.10),OMspellRS_expcost_0.10,0.00033092848940025494,0.00041591190701853535,,,0.00033092848940025494,0.00041591190701853535
A,study1,1,Timing Sensitivity,timing,,chance_corrected_pseudo_r2,OMspell(expcost=0.25),OMspell_expcost_0.25,0.00441802571148337,0.00032272294124988555,,,0.00441802571148337,0.00032272294124988555
A,study1,1,Timing Sensitivity,timing,,chance_corrected_pseudo_r2,OMspellRS(expcost=0.25),OMspellRS_expcost_0.25,0.0005760903379866757,0.00040763524807796284,,,0.0005760903379866757,0.00040763524807796284
A,study1,1,Timing Sensitivity,timing,,chance_corrected_pseudo_r2,OMspell(expcost=0.50),OMspell_expcost_0.50,0.005747539406377737,0.0003199210884467191,,,0.005747539406377737,0.0003199210884467191
A,study1,1,Timing Sensitivity,timing,,chance_corrected_pseudo_r2,OMspellRS(expcost=0.50),OMspellRS_expcost_0.50,0.0009457448021630917,0.00039564728701281955,,,0.0009457448021630917,0.00039564728701281955
A,study1,1,Timing Sensitivity,timing,,chance_corrected_pseudo_r2,OMspell(expcost=0.75),OMspell_expcost_0.75,0.006396451373136024,0.0003242739672382376,,,0.006396451373136024,0.0003242739672382376
A,study1,1,Timing Sensitivity,timing,,chance_corrected_pseudo_r2,OMspellRS(expcost=0.75),OMspellRS_expcost_0.75,0.0012738307838558473,0.0003855418730788348,,,0.0012738307838558473,0.0003855418730788348
A,study1,1,Timing Sensitivity,timing,,chance_corrected_pseudo_r2,OMspell(expcost=1.00),OMspell_expcost_1.00,0.006780872587388329,0.0003285669347671207,,,0.006780872587388329,0.0003285669347671207
A,study1,1,Timing Sensitivity,timing,,chance_corrected_pseudo_r2,OMspellRS(expcost=1.00),OMspellRS_expcost_1.00,0.0015669867449215986,0.0003769722523920298,,,0.0015669867449215986,0.0003769722523920298
A,study1,1,Timing Sensitivity,timing,,chance_corrected_pseudo_r2,OMspell(expcost=1.50),OMspell_expcost_1.50,0.0072157686275331565,0.00033489083256643784,,,0.0072157686275331565,0.00033489083256643784
A,study1,1,Timing Sensitivity,timing,,chance_corrected_pseudo_r2,OMspellRS(expcost=1.50),OMspellRS_expcost_1.50,0.0020686747907759377,0.00036340455271915414,,,0.0020686747907759377,0.00036340455271915414
A,study1,1,Timing Sensitivity,timing,,chance_corrected_pseudo_r2,OMspell(expcost=2.00),OMspell_expcost_2.00,0.007455356740719595,0.00033901114395422984,,,0.007455356740719595,0.00033901114395422984
A,study1,1,Timing Sensitivity,timing,,chance_corrected_pseudo_r2,OMspellRS(expcost=2.00),OMspellRS_expcost_2.00,0.0024822907769081956,0.00035335733562663965,,,0.0024822907769081956,0.00035335733562663965
B,study1,2,Sequencing Sensitivity (Complete Reversal),sequencing,complete_reversal,chance_corrected_pseudo_r2,Hamming,HAM,0.24132783352926515,0.001560077058801344,,,0.24132783352926515,0.001560077058801344
B,study1,2,Sequencing Sensitivity (Complete Reversal),sequencing,complete_reversal,chance_corrected_pseudo_r2,OM,OM,0.32777406049800406,0.002035339045042413,,,0.32777406049800406,0.002035339045042413
B,study1,2,Sequencing Sensitivity (Complete Reversal),sequencing,complete_reversal,chance_corrected_pseudo_r2,LCP,LCP,0.07769981172260161,0.0008243502191412949,,,0.07769981172260161,0.0008243502191412949
B,study1,2,Sequencing Sensitivity (Complete Reversal),sequencing,complete_reversal,chance_corrected_pseudo_r2,RLCP,RLCP,0.07766147135547784,0.0006834756560696038,,,0.07766147135547784,0.0006834756560696038
B,study1,2,Sequencing Sensitivity (Complete Reversal),sequencing,complete_reversal,chance_corrected_pseudo_r2,LCPmst,LCPmst,0.44743929191179105,0.0018742728561723426,,,0.44743929191179105,0.0018742728561723426
B,study1,2,Sequencing Sensitivity (Complete Reversal),sequencing,complete_reversal,chance_corrected_pseudo_r2,RLCPmst,RLCPmst,0.44743929191179105,0.0018742728561723426,,,0.44743929191179105,0.0018742728561723426
B,study1,2,Sequencing Sensitivity (Complete Reversal),sequencing,complete_reversal,chance_corrected_pseudo_r2,LCPspell(expcost=0.00),LCPspell_expcost_0.00,1.0,0.0,,,1.0,0.0
B,study1,2,Sequencing Sensitivity (Complete Reversal),sequencing,complete_reversal,chance_corrected_pseudo_r2,RLCPspell(expcost=0.00),RLCPspell_expcost_0.00,1.0,0.0,,,1.0,0.0
B,study1,2,Sequencing Sensitivity (Complete Reversal),sequencing,complete_reversal,chance_corrected_pseudo_r2,LCPspell(expcost=0.10),LCPspell_expcost_0.10,0.9848470034966226,7.047489488298187e-05,,,0.9848470034966226,7.047489488298187e-05
B,study1,2,Sequencing Sensitivity (Complete Reversal),sequencing,complete_reversal,chance_corrected_pseudo_r2,RLCPspell(expcost=0.10),RLCPspell_expcost_0.10,0.9848470034966226,7.047489488298187e-05,,,0.9848470034966226,7.047489488298187e-05
B,study1,2,Sequencing Sensitivity (Complete Reversal),sequencing,complete_reversal,chance_corrected_pseudo_r2,LCPspell(expcost=0.25),LCPspell_expcost_0.25,0.962543099305661,0.00017225080246370775,,,0.962543099305661,0.00017225080246370775
B,study1,2,Sequencing Sensitivity (Complete Reversal),sequencing,complete_reversal,chance_corrected_pseudo_r2,RLCPspell(expcost=0.25),RLCPspell_expcost_0.25,0.962543099305661,0.00017225080246370775,,,0.962543099305661,0.00017225080246370775
B,study1,2,Sequencing Sensitivity (Complete Reversal),sequencing,complete_reversal,chance_corrected_pseudo_r2,LCPspell(expcost=0.50),LCPspell_expcost_0.50,0.9264631137694971,0.00033195435430674304,,,0.9264631137694971,0.00033195435430674304
B,study1,2,Sequencing Sensitivity (Complete Reversal),sequencing,complete_reversal,chance_corrected_pseudo_r2,RLCPspell(expcost=0.50),RLCPspell_expcost_0.50,0.9264631137694971,0.00033195435430674304,,,0.9264631137694971,0.00033195435430674304
B,study1,2,Sequencing Sensitivity (Complete Reversal),sequencing,complete_reversal,chance_corrected_pseudo_r2,LCPspell(expcost=0.75),LCPspell_expcost_0.75,0.891685489181795,0.00048012048470142283,,,0.891685489181795,0.00048012048470142283
B,study1,2,Sequencing Sensitivity (Complete Reversal),sequencing,complete_reversal,chance_corrected_pseudo_r2,RLCPspell(expcost=0.75),RLCPspell_expcost_0.75,0.891685489181795,0.00048012048470142283,,,0.891685489181795,0.00048012048470142283
B,study1,2,Sequencing Sensitivity (Complete Reversal),sequencing,complete_reversal,chance_corrected_pseudo_r2,LCPspell(expcost=1.00),LCPspell_expcost_1.00,0.8581409584062509,0.0006176643921222006,,,0.8581409584062509,0.0006176643921222006
B,study1,2,Sequencing Sensitivity (Complete Reversal),sequencing,complete_reversal,chance_corrected_pseudo_r2,RLCPspell(expcost=1.00),RLCPspell_expcost_1.00,0.8581409584062509,0.0006176643921222006,,,0.8581409584062509,0.0006176643921222006
B,study1,2,Sequencing Sensitivity (Complete Reversal),sequencing,complete_reversal,chance_corrected_pseudo_r2,LCPspell(expcost=1.50),LCPspell_expcost_1.50,0.7944978293324797,0.0008641332051100292,,,0.7944978293324797,0.0008641332051100292
B,study1,2,Sequencing Sensitivity (Complete Reversal),sequencing,complete_reversal,chance_corrected_pseudo_r2,RLCPspell(expcost=1.50),RLCPspell_expcost_1.50,0.7944978293324797,0.0008641332051100388,,,0.7944978293324797,0.0008641332051100388
B,study1,2,Sequencing Sensitivity (Complete Reversal),sequencing,complete_reversal,chance_corrected_pseudo_r2,LCPspell(expcost=2.00),LCPspell_expcost_2.00,0.7350689702531104,0.0010771479738507202,,,0.7350689702531104,0.0010771479738507202
B,study1,2,Sequencing Sensitivity (Complete Reversal),sequencing,complete_reversal,chance_corrected_pseudo_r2,RLCPspell(expcost=2.00),RLCPspell_expcost_2.00,0.7350689702531104,0.0010771479738507202,,,0.7350689702531104,0.0010771479738507202
B,study1,2,Sequencing Sensitivity (Complete Reversal),sequencing,complete_reversal,chance_corrected_pseudo_r2,OMspell(expcost=0.00),OMspell_expcost_0.00,1.0,0.0,,,1.0,0.0
B,study1,2,Sequencing Sensitivity (Complete Reversal),sequencing,complete_reversal,chance_corrected_pseudo_r2,OMspellRS(expcost=0.00),OMspellRS_expcost_0.00,1.0,0.0,,,1.0,0.0
B,study1,2,Sequencing Sensitivity (Complete Reversal),sequencing,complete_reversal,chance_corrected_pseudo_r2,OMspell(expcost=0.10),OMspell_expcost_0.10,0.739946973244207,0.0010498019804364709,,,0.739946973244207,0.0010498019804364709
B,study1,2,Sequencing Sensitivity (Complete Reversal),sequencing,complete_reversal,chance_corrected_pseudo_r2,OMspellRS(expcost=0.10),OMspellRS_expcost_0.10,0.981441108741058,8.610989299345093e-05,,,0.981441108741058,8.610989299345093e-05
B,study1,2,Sequencing Sensitivity (Complete Reversal),sequencing,complete_reversal,chance_corrected_pseudo_r2,OMspell(expcost=0.25),OMspell_expcost_0.25,0.5601535207904658,0.0015802361665630245,,,0.5601535207904658,0.0015802361665630245
B,study1,2,Sequencing Sensitivity (Complete Reversal),sequencing,complete_reversal,chance_corrected_pseudo_r2,OMspellRS(expcost=0.25),OMspellRS_expcost_0.25,0.9554477809437656,0.00020381068694267846,,,0.9554477809437656,0.00020381068694267846
B,study1,2,Sequencing Sensitivity (Complete Reversal),sequencing,complete_reversal,chance_corrected_pseudo_r2,OMspell(expcost=0.50),OMspell_expcost_0.50,0.4284311097719466,0.0018695482201898086,,,0.4284311097719466,0.0018695482201898086
B,study1,2,Sequencing Sensitivity (Complete Reversal),sequencing,complete_reversal,chance_corrected_pseudo_r2,OMspellRS(expcost=0.50),OMspellRS_expcost_0.50,0.9164339691095947,0.0003741202609414708,,,0.9164339691095947,0.0003741202609414708
B,study1,2,Sequencing Sensitivity (Complete Reversal),sequencing,complete_reversal,chance_corrected_pseudo_r2,OMspell(expcost=0.75),OMspell_expcost_0.75,0.36504719555108195,0.001979450257370838,,,0.36504719555108195,0.001979450257370838
B,study1,2,Sequencing Sensitivity (Complete Reversal),sequencing,complete_reversal,chance_corrected_pseudo_r2,OMspellRS(expcost=0.75),OMspellRS_expcost_0.75,0.8819862559633889,0.0005181734984482916,,,0.8819862559633889,0.0005181734984482916
B,study1,2,Sequencing Sensitivity (Complete Reversal),sequencing,complete_reversal,chance_corrected_pseudo_r2,OMspell(expcost=1.00),OMspell_expcost_1.00,0.32777406049800406,0.002035339045042413,,,0.32777406049800406,0.002035339045042413
B,study1,2,Sequencing Sensitivity (Complete Reversal),sequencing,complete_reversal,chance_corrected_pseudo_r2,OMspellRS(expcost=1.00),OMspellRS_expcost_1.00,0.8513473456643244,0.0006413263555568816,,,0.8513473456643244,0.0006413263555568816
B,study1,2,Sequencing Sensitivity (Complete Reversal),sequencing,complete_reversal,chance_corrected_pseudo_r2,OMspell(expcost=1.50),OMspell_expcost_1.50,0.28585197636979287,0.002090566968571994,,,0.28585197636979287,0.002090566968571994
B,study1,2,Sequencing Sensitivity (Complete Reversal),sequencing,complete_reversal,chance_corrected_pseudo_r2,OMspellRS(expcost=1.50),OMspellRS_expcost_1.50,0.7992207133620479,0.0008401186508242151,,,0.7992207133620479,0.0008401186508242151
B,study1,2,Sequencing Sensitivity (Complete Reversal),sequencing,complete_reversal,chance_corrected_pseudo_r2,OMspell(expcost=2.00),OMspell_expcost_2.00,0.2628670259323279,0.0021174551996223524,,,0.2628670259323279,0.0021174551996223524
B,study1,2,Sequencing Sensitivity (Complete Reversal),sequencing,complete_reversal,chance_corrected_pseudo_r2,OMspellRS(expcost=2.00),OMspellRS_expcost_2.00,0.7565336829734874,0.0009928762063428132,,,0.7565336829734874,0.0009928762063428132
C,study1,2,Sequencing Sensitivity (Local Permutation),sequencing,local_permutation,chance_corrected_pseudo_r2,Hamming,HAM,0.05411637641605509,0.0015995568855696443,,,0.05411637641605509,0.0015995568855696443
C,study1,2,Sequencing Sensitivity (Local Permutation),sequencing,local_permutation,chance_corrected_pseudo_r2,OM,OM,0.10137012698571547,0.000997521054322735,,,0.10137012698571547,0.000997521054322735
C,study1,2,Sequencing Sensitivity (Local Permutation),sequencing,local_permutation,chance_corrected_pseudo_r2,LCP,LCP,0.011846262463452032,0.0002588963029020543,,,0.011846262463452032,0.0002588963029020543
C,study1,2,Sequencing Sensitivity (Local Permutation),sequencing,local_permutation,chance_corrected_pseudo_r2,RLCP,RLCP,0.011740413818829986,0.00017475439364161133,,,0.011740413818829986,0.00017475439364161133
C,study1,2,Sequencing Sensitivity (Local Permutation),sequencing,local_permutation,chance_corrected_pseudo_r2,LCPmst,LCPmst,0.3784854271259862,0.0018170362136473294,,,0.3784854271259862,0.0018170362136473294
C,study1,2,Sequencing Sensitivity (Local Permutation),sequencing,local_permutation,chance_corrected_pseudo_r2,RLCPmst,RLCPmst,0.3781135437086365,0.0018463626730353135,,,0.3781135437086365,0.0018463626730353135
C,study1,2,Sequencing Sensitivity (Local Permutation),sequencing,local_permutation,chance_corrected_pseudo_r2,LCPspell(expcost=0.00),LCPspell_expcost_0.00,1.0,0.0,,,1.0,0.0
C,study1,2,Sequencing Sensitivity (Local Permutation),sequencing,local_permutation,chance_corrected_pseudo_r2,RLCPspell(expcost=0.00),RLCPspell_expcost_0.00,1.0,0.0,,,1.0,0.0
C,study1,2,Sequencing Sensitivity (Local Permutation),sequencing,local_permutation,chance_corrected_pseudo_r2,LCPspell(expcost=0.10),LCPspell_expcost_0.10,0.9749893443660683,0.00010763696546484132,,,0.9749893443660683,0.00010763696546484132
C,study1,2,Sequencing Sensitivity (Local Permutation),sequencing,local_permutation,chance_corrected_pseudo_r2,RLCPspell(expcost=0.10),RLCPspell_expcost_0.10,0.9749891676537182,0.00010766891678022248,,,0.9749891676537182,0.00010766891678022248
C,study1,2,Sequencing Sensitivity (Local Permutation),sequencing,local_permutation,chance_corrected_pseudo_r2,LCPspell(expcost=0.25),LCPspell_expcost_0.25,0.9389066072484951,0.0002567422974359731,,,0.9389066072484951,0.0002567422974359731
C,study1,2,Sequencing Sensitivity (Local Permutation),sequencing,local_permutation,chance_corrected_pseudo_r2,RLCPspell(expcost=0.25),RLCPspell_expcost_0.25,0.9389055528243071,0.00025693976351712363,,,0.9389055528243071,0.00025693976351712363
C,study1,2,Sequencing Sensitivity (Local Permutation),sequencing,local_permutation,chance_corrected_pseudo_r2,LCPspell(expcost=0.50),LCPspell_expcost_0.50,0.8823094149709377,0.00047601818782982394,,,0.8823094149709377,0.00047601818782982394
C,study1,2,Sequencing Sensitivity (Local Permutation),sequencing,local_permutation,chance_corrected_pseudo_r2,RLCPspell(expcost=0.50),RLCPspell_expcost_0.50,0.8823055018247339,0.0004767927890551431,,,0.8823055018247339,0.0004767927890551431
C,study1,2,Sequencing Sensitivity (Local Permutation),sequencing,local_permutation,chance_corrected_pseudo_r2,LCPspell(expcost=0.75),LCPspell_expcost_0.75,0.8297296803205373,0.0006639140401907405,,,0.8297296803205373,0.0006639140401907405
C,study1,2,Sequencing Sensitivity (Local Permutation),sequencing,local_permutation,chance_corrected_pseudo_r2,RLCPspell(expcost=0.75),RLCPspell_expcost_0.75,0.8297214893560408,0.0006656218284522421,,,0.8297214893560408,0.0006656218284522421
C,study1,2,Sequencing Sensitivity (Local Permutation),sequencing,local_permutation,chance_corrected_pseudo_r2,LCPspell(expcost=1.00),LCPspell_expcost_1.00,0.7807542988812394,0.000825405306429931,,,0.7807542988812394,0.000825405306429931
C,study1,2,Sequencing Sensitivity (Local Permutation),sequencing,local_permutation,chance_corrected_pseudo_r2,RLCPspell(expcost=1.00),RLCPspell_expcost_1.00,0.7807407178510115,0.000828378389727281,,,0.7807407178510115,0.000828378389727281
C,study1,2,Sequencing Sensitivity (Local Permutation),sequencing,local_permutation,chance_corrected_pseudo_r2,LCPspell(expcost=1.50),LCPspell_expcost_1.50,0.6922292037711562,0.0010848372737160012,,,0.6922292037711562,0.0010848372737160012
C,study1,2,Sequencing Sensitivity (Local Permutation),sequencing,local_permutation,chance_corrected_pseudo_r2,RLCPspell(expcost=1.50),RLCPspell_expcost_1.50,0.6922024398768584,0.0010912429683683103,,,0.6922024398768584,0.0010912429683683103
C,study1,2,Sequencing Sensitivity (Local Permutation),sequencing,local_permutation,chance_corrected_pseudo_r2,LCPspell(expcost=2.00),LCPspell_expcost_2.00,0.6143775527879363,0.0012793631179024176,,,0.6143775527879363,0.0012793631179024176
C,study1,2,Sequencing Sensitivity (Local Permutation),sequencing,local_permutation,chance_corrected_pseudo_r2,RLCPspell(expcost=2.00),RLCPspell_expcost_2.00,0.6143355343534707,0.0012902538252099144,,,0.6143355343534707,0.0012902538252099144
C,study1,2,Sequencing Sensitivity (Local Permutation),sequencing,local_permutation,chance_corrected_pseudo_r2,OMspell(expcost=0.00),OMspell_expcost_0.00,1.0,0.0,,,1.0,0.0
C,study1,2,Sequencing Sensitivity (Local Permutation),sequencing,local_permutation,chance_corrected_pseudo_r2,OMspellRS(expcost=0.00),OMspellRS_expcost_0.00,1.0,0.0,,,1.0,0.0
C,study1,2,Sequencing Sensitivity (Local Permutation),sequencing,local_permutation,chance_corrected_pseudo_r2,OMspell(expcost=0.10),OMspell_expcost_0.10,0.41551854218527745,0.001213555212443996,,,0.41551854218527745,0.001213555212443996
C,study1,2,Sequencing Sensitivity (Local Permutation),sequencing,local_permutation,chance_corrected_pseudo_r2,OMspellRS(expcost=0.10),OMspellRS_expcost_0.10,0.9297741517686563,0.0002873292502790391,,,0.9297741517686563,0.0002873292502790391
C,study1,2,Sequencing Sensitivity (Local Permutation),sequencing,local_permutation,chance_corrected_pseudo_r2,OMspell(expcost=0.25),OMspell_expcost_0.25,0.24066032134477985,0.001123801039599693,,,0.24066032134477985,0.001123801039599693
C,study1,2,Sequencing Sensitivity (Local Permutation),sequencing,local_permutation,chance_corrected_pseudo_r2,OMspellRS(expcost=0.25),OMspellRS_expcost_0.25,0.8429708499756736,0.0005878555720800803,,,0.8429708499756736,0.0005878555720800803
C,study1,2,Sequencing Sensitivity (Local Permutation),sequencing,local_permutation,chance_corrected_pseudo_r2,OMspell(expcost=0.50),OMspell_expcost_0.50,0.15539426218113211,0.0010466645184571436,,,0.15539426218113211,0.0010466645184571436
C,study1,2,Sequencing Sensitivity (Local Permutation),sequencing,local_permutation,chance_corrected_pseudo_r2,OMspellRS(expcost=0.50),OMspellRS_expcost_0.50,0.7329345736193443,0.0008827567913951067,,,0.7329345736193443,0.0008827567913951067
C,study1,2,Sequencing Sensitivity (Local Permutation),sequencing,local_permutation,chance_corrected_pseudo_r2,OMspell(expcost=0.75),OMspell_expcost_0.75,0.12250313227337756,0.0010095254732764333,,,0.12250313227337756,0.0010095254732764333
C,study1,2,Sequencing Sensitivity (Local Permutation),sequencing,local_permutation,chance_corrected_pseudo_r2,OMspellRS(expcost=0.75),OMspellRS_expcost_0.75,0.6515419088619715,0.0010398060858577793,,,0.6515419088619715,0.0010398060858577793
C,study1,2,Sequencing Sensitivity (Local Permutation),sequencing,local_permutation,chance_corrected_pseudo_r2,OMspell(expcost=1.00),OMspell_expcost_1.00,0.10543076599387467,0.0009798699876022764,,,0.10543076599387467,0.0009798699876022764
C,study1,2,Sequencing Sensitivity (Local Permutation),sequencing,local_permutation,chance_corrected_pseudo_r2,OMspellRS(expcost=1.00),OMspellRS_expcost_1.00,0.5888965194680266,0.0011259559871557676,,,0.5888965194680266,0.0011259559871557676
C,study1,2,Sequencing Sensitivity (Local Permutation),sequencing,local_permutation,chance_corrected_pseudo_r2,OMspell(expcost=1.50),OMspell_expcost_1.50,0.08762528750376888,0.0009457042565703557,,,0.08762528750376888,0.0009457042565703557
C,study1,2,Sequencing Sensitivity (Local Permutation),sequencing,local_permutation,chance_corrected_pseudo_r2,OMspellRS(expcost=1.50),OMspellRS_expcost_1.50,0.49878936280317926,0.00119833100751879,,,0.49878936280317926,0.00119833100751879
C,study1,2,Sequencing Sensitivity (Local Permutation),sequencing,local_permutation,chance_corrected_pseudo_r2,OMspell(expcost=2.00),OMspell_expcost_2.00,0.07898898739415001,0.0009204855996400503,,,0.07898898739415001,0.0009204855996400503
C,study1,2,Sequencing Sensitivity (Local Permutation),sequencing,local_permutation,chance_corrected_pseudo_r2,OMspellRS(expcost=2.00),OMspellRS_expcost_2.00,0.43710005718394807,0.0012141775282184547,,,0.43710005718394807,0.0012141775282184547
D,study1,2,Sequencing Sensitivity (Early Swap),sequencing,early_swap,chance_corrected_pseudo_r2,Hamming,HAM,0.07566534488095557,0.0014919238363678346,,,0.07566534488095557,0.0014919238363678346
D,study1,2,Sequencing Sensitivity (Early Swap),sequencing,early_swap,chance_corrected_pseudo_r2,OM,OM,0.09174151415308203,0.0012731152865284219,,,0.09174151415308203,0.0012731152865284219
D,study1,2,Sequencing Sensitivity (Early Swap),sequencing,early_swap,chance_corrected_pseudo_r2,LCP,LCP,0.07769981172260161,0.0008243502191412949,,,0.07769981172260161,0.0008243502191412949
D,study1,2,Sequencing Sensitivity (Early Swap),sequencing,early_swap,chance_corrected_pseudo_r2,RLCP,RLCP,0.00021597220179871043,4.252583106886374e-05,,,0.00021597220179871043,4.252583106886374e-05
D,study1,2,Sequencing Sensitivity (Early Swap),sequencing,early_swap,chance_corrected_pseudo_r2,LCPmst,LCPmst,0.44743929191179105,0.0018742728561723426,,,0.44743929191179105,0.0018742728561723426
D,study1,2,Sequencing Sensitivity (Early Swap),sequencing,early_swap,chance_corrected_pseudo_r2,RLCPmst,RLCPmst,0.2447897341564079,0.0021957196030037373,,,0.2447897341564079,0.0021957196030037373
D,study1,2,Sequencing Sensitivity (Early Swap),sequencing,early_swap,chance_corrected_pseudo_r2,LCPspell(expcost=0.00),LCPspell_expcost_0.00,1.0,0.0,,,1.0,0.0
D,study1,2,Sequencing Sensitivity (Early Swap),sequencing,early_swap,chance_corrected_pseudo_r2,RLCPspell(expcost=0.00),RLCPspell_expcost_0.00,1.0,0.0,,,1.0,0.0
D,study1,2,Sequencing Sensitivity (Early Swap),sequencing,early_swap,chance_corrected_pseudo_r2,LCPspell(expcost=0.10),LCPspell_expcost_0.10,0.9848470034966226,7.047489488298187e-05,,,0.9848470034966226,7.047489488298187e-05
D,study1,2,Sequencing Sensitivity (Early Swap),sequencing,early_swap,chance_corrected_pseudo_r2,RLCPspell(expcost=0.10),RLCPspell_expcost_0.10,0.9629588753502805,0.0001687805687243398,,,0.9629588753502805,0.0001687805687243398
D,study1,2,Sequencing Sensitivity (Early Swap),sequencing,early_swap,chance_corrected_pseudo_r2,LCPspell(expcost=0.25),LCPspell_expcost_0.25,0.962543099305661,0.00017225080246370775,,,0.962543099305661,0.00017225080246370775
D,study1,2,Sequencing Sensitivity (Early Swap),sequencing,early_swap,chance_corrected_pseudo_r2,RLCPspell(expcost=0.25),RLCPspell_expcost_0.25,0.9113360477564183,0.00038806930628109494,,,0.9113360477564183,0.00038806930628109494
D,study1,2,Sequencing Sensitivity (Early Swap),sequencing,early_swap,chance_corrected_pseudo_r2,LCPspell(expcost=0.50),LCPspell_expcost_0.50,0.9264631137694971,0.00033195435430674304,,,0.9264631137694971,0.00033195435430674304
D,study1,2,Sequencing Sensitivity (Early Swap),sequencing,early_swap,chance_corrected_pseudo_r2,RLCPspell(expcost=0.50),RLCPspell_expcost_0.50,0.8344109509557563,0.0006809012141108184,,,0.8344109509557563,0.0006809012141108184
D,study1,2,Sequencing Sensitivity (Early Swap),sequencing,early_swap,chance_corrected_pseudo_r2,LCPspell(expcost=0.75),LCPspell_expcost_0.75,0.891685489181795,0.00048012048470142283,,,0.891685489181795,0.00048012048470142283
D,study1,2,Sequencing Sensitivity (Early Swap),sequencing,early_swap,chance_corrected_pseudo_r2,RLCPspell(expcost=0.75),RLCPspell_expcost_0.75,0.7670381370334466,0.0009046853015454003,,,0.7670381370334466,0.0009046853015454003
D,study1,2,Sequencing Sensitivity (Early Swap),sequencing,early_swap,chance_corrected_pseudo_r2,LCPspell(expcost=1.00),LCPspell_expcost_1.00,0.8581409584062509,0.0006176643921222006,,,0.8581409584062509,0.0006176643921222006
D,study1,2,Sequencing Sensitivity (Early Swap),sequencing,early_swap,chance_corrected_pseudo_r2,RLCPspell(expcost=1.00),RLCPspell_expcost_1.00,0.7075423446588935,0.001077604688317287,,,0.7075423446588935,0.001077604688317287
D,study1,2,Sequencing Sensitivity (Early Swap),sequencing,early_swap,chance_corrected_pseudo_r2,LCPspell(expcost=1.50),LCPspell_expcost_1.50,0.7944978293324797,0.0008641332051100292,,,0.7944978293324797,0.0008641332051100292
D,study1,2,Sequencing Sensitivity (Early Swap),sequencing,early_swap,chance_corrected_pseudo_r2,RLCPspell(expcost=1.50),RLCPspell_expcost_1.50,0.6072344562273034,0.0013187615346031086,,,0.6072344562273034,0.0013187615346031086
D,study1,2,Sequencing Sensitivity (Early Swap),sequencing,early_swap,chance_corrected_pseudo_r2,LCPspell(expcost=2.00),LCPspell_expcost_2.00,0.7350689702531104,0.0010771479738507202,,,0.7350689702531104,0.0010771479738507202
D,study1,2,Sequencing Sensitivity (Early Swap),sequencing,early_swap,chance_corrected_pseudo_r2,RLCPspell(expcost=2.00),RLCPspell_expcost_2.00,0.5259366302297022,0.0014704838156441907,,,0.5259366302297022,0.0014704838156441907
D,study1,2,Sequencing Sensitivity (Early Swap),sequencing,early_swap,chance_corrected_pseudo_r2,OMspell(expcost=0.00),OMspell_expcost_0.00,1.0,0.0,,,1.0,0.0
D,study1,2,Sequencing Sensitivity (Early Swap),sequencing,early_swap,chance_corrected_pseudo_r2,OMspellRS(expcost=0.00),OMspellRS_expcost_0.00,1.0,0.0,,,1.0,0.0
D,study1,2,Sequencing Sensitivity (Early Swap),sequencing,early_swap,chance_corrected_pseudo_r2,OMspell(expcost=0.10),OMspell_expcost_0.10,0.40844376144206446,0.001416479882564217,,,0.40844376144206446,0.001416479882564217
D,study1,2,Sequencing Sensitivity (Early Swap),sequencing,early_swap,chance_corrected_pseudo_r2,OMspellRS(expcost=0.10),OMspellRS_expcost_0.10,0.9295762471215737,0.0003102042547484755,,,0.9295762471215737,0.0003102042547484755
D,study1,2,Sequencing Sensitivity (Early Swap),sequencing,early_swap,chance_corrected_pseudo_r2,OMspell(expcost=0.25),OMspell_expcost_0.25,0.22928199121178464,0.0013744212768617402,,,0.22928199121178464,0.0013744212768617402
D,study1,2,Sequencing Sensitivity (Early Swap),sequencing,early_swap,chance_corrected_pseudo_r2,OMspellRS(expcost=0.25),OMspellRS_expcost_0.25,0.8422840685596201,0.0006399677413981665,,,0.8422840685596201,0.0006399677413981665
D,study1,2,Sequencing Sensitivity (Early Swap),sequencing,early_swap,chance_corrected_pseudo_r2,OMspell(expcost=0.50),OMspell_expcost_0.50,0.1427366314699617,0.0013113430715307837,,,0.1427366314699617,0.0013113430715307837
D,study1,2,Sequencing Sensitivity (Early Swap),sequencing,early_swap,chance_corrected_pseudo_r2,OMspellRS(expcost=0.50),OMspellRS_expcost_0.50,0.7312380810435706,0.0009729478818783237,,,0.7312380810435706,0.0009729478818783237
D,study1,2,Sequencing Sensitivity (Early Swap),sequencing,early_swap,chance_corrected_pseudo_r2,OMspell(expcost=0.75),OMspell_expcost_0.75,0.10940089790980481,0.001285871000080975,,,0.10940089790980481,0.001285871000080975
D,study1,2,Sequencing Sensitivity (Early Swap),sequencing,early_swap,chance_corrected_pseudo_r2,OMspellRS(expcost=0.75),OMspellRS_expcost_0.75,0.6488166027523901,0.0011585919621207666,,,0.6488166027523901,0.0011585919621207666
D,study1,2,Sequencing Sensitivity (Early Swap),sequencing,early_swap,chance_corrected_pseudo_r2,OMspell(expcost=1.00),OMspell_expcost_1.00,0.09174151415308203,0.0012731152865284219,,,0.09174151415308203,0.0012731152865284219
D,study1,2,Sequencing Sensitivity (Early Swap),sequencing,early_swap,chance_corrected_pseudo_r2,OMspellRS(expcost=1.00),OMspellRS_expcost_1.00,0.5852153422590995,0.0012668964012087476,,,0.5852153422590995,0.0012668964012087476
D,study1,2,Sequencing Sensitivity (Early Swap),sequencing,early_swap,chance_corrected_pseudo_r2,OMspell(expcost=1.50),OMspell_expcost_1.50,0.07336762914736558,0.0012608397789986418,,,0.07336762914736558,0.0012608397789986418
D,study1,2,Sequencing Sensitivity (Early Swap),sequencing,early_swap,chance_corrected_pseudo_r2,OMspellRS(expcost=1.50),OMspellRS_expcost_1.50,0.4934820320285348,0.0013713292863298653,,,0.4934820320285348,0.0013713292863298653
D,study1,2,Sequencing Sensitivity (Early Swap),sequencing,early_swap,chance_corrected_pseudo_r2,OMspell(expcost=2.00),OMspell_expcost_2.00,0.06389905899659297,0.0012550400724421114,,,0.06389905899659297,0.0012550400724421114
D,study1,2,Sequencing Sensitivity (Early Swap),sequencing,early_swap,chance_corrected_pseudo_r2,OMspellRS(expcost=2.00),OMspellRS_expcost_2.00,0.4305078247315944,0.0014093071443471291,,,0.4305078247315944,0.0014093071443471291
E,study1,2,Sequencing Sensitivity (Late Swap),sequencing,late_swap,chance_corrected_pseudo_r2,Hamming,HAM,0.07598871754423359,0.0012137581126178203,,,0.07598871754423359,0.0012137581126178203
E,study1,2,Sequencing Sensitivity (Late Swap),sequencing,late_swap,chance_corrected_pseudo_r2,OM,OM,0.09181247941722735,0.0010100801323656742,,,0.09181247941722735,0.0010100801323656742
E,study1,2,Sequencing Sensitivity (Late Swap),sequencing,late_swap,chance_corrected_pseudo_r2,LCP,LCP,0.00022219928557614326,5.2010537067653735e-05,,,0.00022219928557614326,5.2010537067653735e-05
E,study1,2,Sequencing Sensitivity (Late Swap),sequencing,late_swap,chance_corrected_pseudo_r2,RLCP,RLCP,0.07766147135547784,0.0006834756560696038,,,0.07766147135547784,0.0006834756560696038
E,study1,2,Sequencing Sensitivity (Late Swap),sequencing,late_swap,chance_corrected_pseudo_r2,LCPmst,LCPmst,0.2445329144089901,0.002110623925580477,,,0.2445329144089901,0.002110623925580477
E,study1,2,Sequencing Sensitivity (Late Swap),sequencing,late_swap,chance_corrected_pseudo_r2,RLCPmst,RLCPmst,0.44743929191179105,0.0018742728561723426,,,0.44743929191179105,0.0018742728561723426
E,study1,2,Sequencing Sensitivity (Late Swap),sequencing,late_swap,chance_corrected_pseudo_r2,LCPspell(expcost=0.00),LCPspell_expcost_0.00,1.0,0.0,,,1.0,0.0
E,study1,2,Sequencing Sensitivity (Late Swap),sequencing,late_swap,chance_corrected_pseudo_r2,RLCPspell(expcost=0.00),RLCPspell_expcost_0.00,1.0,0.0,,,1.0,0.0
E,study1,2,Sequencing Sensitivity (Late Swap),sequencing,late_swap,chance_corrected_pseudo_r2,LCPspell(expcost=0.10),LCPspell_expcost_0.10,0.962960171891005,0.00016786387649923366,,,0.962960171891005,0.00016786387649923366
E,study1,2,Sequencing Sensitivity (Late Swap),sequencing,late_swap,chance_corrected_pseudo_r2,RLCPspell(expcost=0.10),RLCPspell_expcost_0.10,0.9848470034966226,7.047489488298187e-05,,,0.9848470034966226,7.047489488298187e-05
E,study1,2,Sequencing Sensitivity (Late Swap),sequencing,late_swap,chance_corrected_pseudo_r2,LCPspell(expcost=0.25),LCPspell_expcost_0.25,0.911343473839193,0.0003828458550964978,,,0.911343473839193,0.0003828458550964978
E,study1,2,Sequencing Sensitivity (Late Swap),sequencing,late_swap,chance_corrected_pseudo_r2,RLCPspell(expcost=0.25),RLCPspell_expcost_0.25,0.962543099305661,0.00017225080246370775,,,0.962543099305661,0.00017225080246370775
E,study1,2,Sequencing Sensitivity (Late Swap),sequencing,late_swap,chance_corrected_pseudo_r2,LCPspell(expcost=0.50),LCPspell_expcost_0.50,0.8344368391546347,0.0006628658625739879,,,0.8344368391546347,0.0006628658625739879
E,study1,2,Sequencing Sensitivity (Late Swap),sequencing,late_swap,chance_corrected_pseudo_r2,RLCPspell(expcost=0.50),RLCPspell_expcost_0.50,0.9264631137694971,0.00033195435430674304,,,0.9264631137694971,0.00033195435430674304
E,study1,2,Sequencing Sensitivity (Late Swap),sequencing,late_swap,chance_corrected_pseudo_r2,LCPspell(expcost=0.75),LCPspell_expcost_0.75,0.7670893534621477,0.0008693905714322409,,,0.7670893534621477,0.0008693905714322409
E,study1,2,Sequencing Sensitivity (Late Swap),sequencing,late_swap,chance_corrected_pseudo_r2,RLCPspell(expcost=0.75),RLCPspell_expcost_0.75,0.891685489181795,0.00048012048470142283,,,0.891685489181795,0.00048012048470142283
E,study1,2,Sequencing Sensitivity (Late Swap),sequencing,late_swap,chance_corrected_pseudo_r2,LCPspell(expcost=1.00),LCPspell_expcost_1.00,0.7076230290954025,0.001022672407379846,,,0.7076230290954025,0.001022672407379846
E,study1,2,Sequencing Sensitivity (Late Swap),sequencing,late_swap,chance_corrected_pseudo_r2,RLCPspell(expcost=1.00),RLCPspell_expcost_1.00,0.8581409584062509,0.0006176643921222006,,,0.8581409584062509,0.0006176643921222006
E,study1,2,Sequencing Sensitivity (Late Swap),sequencing,late_swap,chance_corrected_pseudo_r2,LCPspell(expcost=1.50),LCPspell_expcost_1.50,0.6073798794591615,0.001222477033410663,,,0.6073798794591615,0.001222477033410663
E,study1,2,Sequencing Sensitivity (Late Swap),sequencing,late_swap,chance_corrected_pseudo_r2,RLCPspell(expcost=1.50),RLCPspell_expcost_1.50,0.7944978293324797,0.0008641332051100388,,,0.7944978293324797,0.0008641332051100388
E,study1,2,Sequencing Sensitivity (Late Swap),sequencing,late_swap,chance_corrected_pseudo_r2,LCPspell(expcost=2.00),LCPspell_expcost_2.00,0.5261483683519423,0.0013347919579339475,,,0.5261483683519423,0.0013347919579339475
E,study1,2,Sequencing Sensitivity (Late Swap),sequencing,late_swap,chance_corrected_pseudo_r2,RLCPspell(expcost=2.00),RLCPspell_expcost_2.00,0.7350689702531104,0.0010771479738507202,,,0.7350689702531104,0.0010771479738507202
E,study1,2,Sequencing Sensitivity (Late Swap),sequencing,late_swap,chance_corrected_pseudo_r2,OMspell(expcost=0.00),OMspell_expcost_0.00,1.0,0.0,,,1.0,0.0
E,study1,2,Sequencing Sensitivity (Late Swap),sequencing,late_swap,chance_corrected_pseudo_r2,OMspellRS(expcost=0.00),OMspellRS_expcost_0.00,1.0,0.0,,,1.0,0.0
E,study1,2,Sequencing Sensitivity (Late Swap),sequencing,late_swap,chance_corrected_pseudo_r2,OMspell(expcost=0.10),OMspell_expcost_0.10,0.408474207825582,0.0012772087278902894,,,0.408474207825582,0.0012772087278902894
E,study1,2,Sequencing Sensitivity (Late Swap),sequencing,late_swap,chance_corrected_pseudo_r2,OMspellRS(expcost=0.10),OMspellRS_expcost_0.10,0.929576686634611,0.0003082363162541486,,,0.929576686634611,0.0003082363162541486
E,study1,2,Sequencing Sensitivity (Late Swap),sequencing,late_swap,chance_corrected_pseudo_r2,OMspell(expcost=0.25),OMspell_expcost_0.25,0.229333343404734,0.0011495012069004148,,,0.229333343404734,0.0011495012069004148
E,study1,2,Sequencing Sensitivity (Late Swap),sequencing,late_swap,chance_corrected_pseudo_r2,OMspellRS(expcost=0.25),OMspellRS_expcost_0.25,0.8422862661906689,0.0006300718980359339,,,0.8422862661906689,0.0006300718980359339
E,study1,2,Sequencing Sensitivity (Late Swap),sequencing,late_swap,chance_corrected_pseudo_r2,OMspell(expcost=0.50),OMspell_expcost_0.50,0.14279996742336365,0.0010546501429842903,,,0.14279996742336365,0.0010546501429842903
E,study1,2,Sequencing Sensitivity (Late Swap),sequencing,late_swap,chance_corrected_pseudo_r2,OMspellRS(expcost=0.50),OMspellRS_expcost_0.50,0.7312444379022122,0.0009441201391064845,,,0.7312444379022122,0.0009441201391064845
E,study1,2,Sequencing Sensitivity (Late Swap),sequencing,late_swap,chance_corrected_pseudo_r2,OMspell(expcost=0.75),OMspell_expcost_0.75,0.10946917371114769,0.0010234850833073575,,,0.10946917371114769,0.0010234850833073575
E,study1,2,Sequencing Sensitivity (Late Swap),sequencing,late_swap,chance_corrected_pseudo_r2,OMspellRS(expcost=0.75),OMspellRS_expcost_0.75,0.6488274248689151,0.0011092783703997814,,,0.6488274248689151,0.0011092783703997814
E,study1,2,Sequencing Sensitivity (Late Swap),sequencing,late_swap,chance_corrected_pseudo_r2,OMspell(expcost=1.00),OMspell_expcost_1.00,0.09181247941722735,0.0010100801323656742,,,0.09181247941722735,0.0010100801323656742
E,study1,2,Sequencing Sensitivity (Late Swap),sequencing,late_swap,chance_corrected_pseudo_r2,OMspellRS(expcost=1.00),OMspellRS_expcost_1.00,0.5852304053132396,0.001198045241201109,,,0.5852304053132396,0.001198045241201109
E,study1,2,Sequencing Sensitivity (Late Swap),sequencing,late_swap,chance_corrected_pseudo_r2,OMspell(expcost=1.50),OMspell_expcost_1.50,0.07344144593220149,0.0009992612656250103,,,0.07344144593220149,0.0009992612656250103
E,study1,2,Sequencing Sensitivity (Late Swap),sequencing,late_swap,chance_corrected_pseudo_r2,OMspellRS(expcost=1.50),OMspellRS_expcost_1.50,0.49350442158936597,0.0012687306089205362,,,0.49350442158936597,0.0012687306089205362
E,study1,2,Sequencing Sensitivity (Late Swap),sequencing,late_swap,chance_corrected_pseudo_r2,OMspell(expcost=2.00),OMspell_expcost_2.00,0.06397436641208469,0.0009951651644465411,,,0.06397436641208469,0.0009951651644465411
E,study1,2,Sequencing Sensitivity (Late Swap),sequencing,late_swap,chance_corrected_pseudo_r2,OMspellRS(expcost=2.00),OMspellRS_expcost_2.00,0.4305360644232831,0.0012799965811084257,,,0.4305360644232831,0.0012799965811084257
F,study1,3,Duration Sensitivity,duration,,chance_corrected_pseudo_r2,Hamming,HAM,0.21245505420395536,0.0007453777799046659,,,0.21245505420395536,0.0007453777799046659
F,study1,3,Duration Sensitivity,duration,,chance_corrected_pseudo_r2,OM,OM,0.36415712637691056,0.0006002968429868237,,,0.36415712637691056,0.0006002968429868237
F,study1,3,Duration Sensitivity,duration,,chance_corrected_pseudo_r2,LCP,LCP,0.041396124282866556,0.0006511689491375855,,,0.041396124282866556,0.0006511689491375855
F,study1,3,Duration Sensitivity,duration,,chance_corrected_pseudo_r2,RLCP,RLCP,0.041689141290425356,0.0006327056383068,,,0.041689141290425356,0.0006327056383068
F,study1,3,Duration Sensitivity,duration,,chance_corrected_pseudo_r2,LCPmst,LCPmst,0.13451009087267188,0.0003626112813834508,,,0.13451009087267188,0.0003626112813834508
F,study1,3,Duration Sensitivity,duration,,chance_corrected_pseudo_r2,RLCPmst,RLCPmst,0.13451009087267188,0.0003626112813834508,,,0.13451009087267188,0.0003626112813834508
F,study1,3,Duration Sensitivity,duration,,chance_corrected_pseudo_r2,LCPspell(expcost=0.00),LCPspell_expcost_0.00,-4.635011448218261e-05,0.0002582913652569658,,,-4.635011448218261e-05,0.0002582913652569658
F,study1,3,Duration Sensitivity,duration,,chance_corrected_pseudo_r2,RLCPspell(expcost=0.00),RLCPspell_expcost_0.00,-4.635011448218261e-05,0.0002582913652569658,,,-4.635011448218261e-05,0.0002582913652569658
F,study1,3,Duration Sensitivity,duration,,chance_corrected_pseudo_r2,LCPspell(expcost=0.10),LCPspell_expcost_0.10,0.0059216449511923135,0.00025271034331369904,,,0.0059216449511923135,0.00025271034331369904
F,study1,3,Duration Sensitivity,duration,,chance_corrected_pseudo_r2,RLCPspell(expcost=0.10),RLCPspell_expcost_0.10,0.0059216449511923135,0.00025271034331369904,,,0.0059216449511923135,0.00025271034331369904
F,study1,3,Duration Sensitivity,duration,,chance_corrected_pseudo_r2,LCPspell(expcost=0.25),LCPspell_expcost_0.25,0.014622800036470849,0.00024574308585091517,,,0.014622800036470849,0.00024574308585091517
F,study1,3,Duration Sensitivity,duration,,chance_corrected_pseudo_r2,RLCPspell(expcost=0.25),RLCPspell_expcost_0.25,0.014622800036470849,0.00024574308585091517,,,0.014622800036470849,0.00024574308585091517
F,study1,3,Duration Sensitivity,duration,,chance_corrected_pseudo_r2,LCPspell(expcost=0.50),LCPspell_expcost_0.50,0.028492289200290802,0.000238044920911888,,,0.028492289200290802,0.000238044920911888
F,study1,3,Duration Sensitivity,duration,,chance_corrected_pseudo_r2,RLCPspell(expcost=0.50),RLCPspell_expcost_0.50,0.028492289200290802,0.000238044920911888,,,0.028492289200290802,0.000238044920911888
F,study1,3,Duration Sensitivity,duration,,chance_corrected_pseudo_r2,LCPspell(expcost=0.75),LCPspell_expcost_0.75,0.04162577079821176,0.00023535160545742423,,,0.04162577079821176,0.00023535160545742423
F,study1,3,Duration Sensitivity,duration,,chance_corrected_pseudo_r2,RLCPspell(expcost=0.75),RLCPspell_expcost_0.75,0.04162577079821176,0.00023535160545742423,,,0.04162577079821176,0.00023535160545742423
F,study1,3,Duration Sensitivity,duration,,chance_corrected_pseudo_r2,LCPspell(expcost=1.00),LCPspell_expcost_1.00,0.05408031704345122,0.00023752620512734843,,,0.05408031704345122,0.00023752620512734843
F,study1,3,Duration Sensitivity,duration,,chance_corrected_pseudo_r2,RLCPspell(expcost=1.00),RLCPspell_expcost_1.00,0.05408031704345122,0.00023752620512734843,,,0.05408031704345122,0.00023752620512734843
F,study1,3,Duration Sensitivity,duration,,chance_corrected_pseudo_r2,LCPspell(expcost=1.50),LCPspell_expcost_1.50,0.07715283875866805,0.0002546038176028835,,,0.07715283875866805,0.0002546038176028835
F,study1,3,Duration Sensitivity,duration,,chance_corrected_pseudo_r2,RLCPspell(expcost=1.50),RLCPspell_expcost_1.50,0.07715283875866805,0.0002546038176028835,,,0.07715283875866805,0.0002546038176028835
F,study1,3,Duration Sensitivity,duration,,chance_corrected_pseudo_r2,LCPspell(expcost=2.00),LCPspell_expcost_2.00,0.09806341828613033,0.0002842467201050951,,,0.09806341828613033,0.0002842467201050951
F,study1,3,Duration Sensitivity,duration,,chance_corrected_pseudo_r2,RLCPspell(expcost=2.00),RLCPspell_expcost_2.00,0.09806341828613033,0.0002842467201050951,,,0.09806341828613033,0.0002842467201050951
F,study1,3,Duration Sensitivity,duration,,chance_corrected_pseudo_r2,OMspell(expcost=0.00),OMspell_expcost_0.00,-4.635011448218261e-05,0.0002582913652569658,,,-4.635011448218261e-05,0.0002582913652569658
F,study1,3,Duration Sensitivity,duration,,chance_corrected_pseudo_r2,OMspellRS(expcost=0.00),OMspellRS_expcost_0.00,-4.635011448218261e-05,0.0002582913652569658,,,-4.635011448218261e-05,0.0002582913652569658
F,study1,3,Duration Sensitivity,duration,,chance_corrected_pseudo_r2,OMspell(expcost=0.10),OMspell_expcost_0.10,0.18812587923139504,0.0002996773173402738,,,0.18812587923139504,0.0002996773173402738
F,study1,3,Duration Sensitivity,duration,,chance_corrected_pseudo_r2,OMspellRS(expcost=0.10),OMspellRS_expcost_0.10,0.01666910793177407,0.00025054458825677706,,,0.01666910793177407,0.00025054458825677706
F,study1,3,Duration Sensitivity,duration,,chance_corrected_pseudo_r2,OMspell(expcost=0.25),OMspell_expcost_0.25,0.2775844697285034,0.00042720644046427244,,,0.2775844697285034,0.00042720644046427244
F,study1,3,Duration Sensitivity,duration,,chance_corrected_pseudo_r2,OMspellRS(expcost=0.25),OMspellRS_expcost_0.25,0.039050699779678934,0.0002427470839984615,,,0.039050699779678934,0.0002427470839984615
F,study1,3,Duration Sensitivity,duration,,chance_corrected_pseudo_r2,OMspell(expcost=0.50),OMspell_expcost_0.50,0.3298653785310744,0.000526551537075151,,,0.3298653785310744,0.000526551537075151
F,study1,3,Duration Sensitivity,duration,,chance_corrected_pseudo_r2,OMspellRS(expcost=0.50),OMspellRS_expcost_0.50,0.07056739689606682,0.00023783158748359544,,,0.07056739689606682,0.00023783158748359544
F,study1,3,Duration Sensitivity,duration,,chance_corrected_pseudo_r2,OMspell(expcost=0.75),OMspell_expcost_0.75,0.3519609878036427,0.000573321894327205,,,0.3519609878036427,0.000573321894327205
F,study1,3,Duration Sensitivity,duration,,chance_corrected_pseudo_r2,OMspellRS(expcost=0.75),OMspellRS_expcost_0.75,0.0965134925835778,0.00024009777227767512,,,0.0965134925835778,0.00024009777227767512
F,study1,3,Duration Sensitivity,duration,,chance_corrected_pseudo_r2,OMspell(expcost=1.00),OMspell_expcost_1.00,0.36415712637691056,0.0006002968429868237,,,0.36415712637691056,0.0006002968429868237
F,study1,3,Duration Sensitivity,duration,,chance_corrected_pseudo_r2,OMspellRS(expcost=1.00),OMspellRS_expcost_1.00,0.11824597538301433,0.00024688395441559065,,,0.11824597538301433,0.00024688395441559065
F,study1,3,Duration Sensitivity,duration,,chance_corrected_pseudo_r2,OMspell(expcost=1.50),OMspell_expcost_1.50,0.37722872714000144,0.0006301048961018193,,,0.37722872714000144,0.0006301048961018193
F,study1,3,Duration Sensitivity,duration,,chance_corrected_pseudo_r2,OMspellRS(expcost=1.50),OMspellRS_expcost_1.50,0.15260220644627204,0.00026705045103314975,,,0.15260220644627204,0.00026705045103314975
F,study1,3,Duration Sensitivity,duration,,chance_corrected_pseudo_r2,OMspell(expcost=2.00),OMspell_expcost_2.00,0.38412282150949,0.0006461952505522467,,,0.38412282150949,0.0006461952505522467
F,study1,3,Duration Sensitivity,duration,,chance_corrected_pseudo_r2,OMspellRS(expcost=2.00),OMspellRS_expcost_2.00,0.17853540334725895,0.0002897441256813451,,,0.17853540334725895,0.0002897441256813451
G,study2,4,Calendar-Time Divergence (Early vs Late),sensitivity_divergence_calendar,,normalized_paired_contrast,Hamming,HAM,0.549885054638213,0.0019239880695631677,1.0,0.0,0.549885054638213,0.0019239880695631677
G,study2,4,Calendar-Time Divergence (Early vs Late),sensitivity_divergence_calendar,,normalized_paired_contrast,OM,OM,0.4634685239891494,0.003025229734997775,0.9999833333333333,9.128709291751764e-05,0.4634685239891494,0.003025229734997775
G,study2,4,Calendar-Time Divergence (Early vs Late),sensitivity_divergence_calendar,,normalized_paired_contrast,LCP,LCP,0.549885054638213,0.0019239880695631677,1.0,0.0,0.549885054638213,0.0019239880695631677
G,study2,4,Calendar-Time Divergence (Early vs Late),sensitivity_divergence_calendar,,normalized_paired_contrast,RLCP,RLCP,0.0,0.0,0.0,0.0,0.0,0.0
G,study2,4,Calendar-Time Divergence (Early vs Late),sensitivity_divergence_calendar,,normalized_paired_contrast,LCPmst,LCPmst,0.5565500798231835,0.0024576516007945564,0.9999833333333333,9.128709291751764e-05,0.5565500798231835,0.0024576516007945564
G,study2,4,Calendar-Time Divergence (Early vs Late),sensitivity_divergence_calendar,,normalized_paired_contrast,RLCPmst,RLCPmst,0.0,0.0,0.0,0.0,0.0,0.0
G,study2,4,Calendar-Time Divergence (Early vs Late),sensitivity_divergence_calendar,,normalized_paired_contrast,LCPspell(expcost=0.00),LCPspell_expcost_0.00,0.5586583490906125,0.0027797886159672534,0.99995,0.0002012889499682023,0.5586583490906125,0.0027797886159672534
G,study2,4,Calendar-Time Divergence (Early vs Late),sensitivity_divergence_calendar,,normalized_paired_contrast,RLCPspell(expcost=0.00),RLCPspell_expcost_0.00,0.00037144561670030923,0.0011054432086599357,-0.018549999999999997,0.019623767257570885,0.00037144561670030923,0.0011054432086599357
G,study2,4,Calendar-Time Divergence (Early vs Late),sensitivity_divergence_calendar,,normalized_paired_contrast,LCPspell(expcost=0.10),LCPspell_expcost_0.10,0.5585654229680961,0.0027780983847540083,0.99995,0.0002012889499682023,0.5585654229680961,0.0027780983847540083
G,study2,4,Calendar-Time Divergence (Early vs Late),sensitivity_divergence_calendar,,normalized_paired_contrast,RLCPspell(expcost=0.10),RLCPspell_expcost_0.10,0.00037144561670030923,0.0011054432086599357,-0.018549999999999997,0.019623767257570885,0.00037144561670030923,0.0011054432086599357
G,study2,4,Calendar-Time Divergence (Early vs Late),sensitivity_divergence_calendar,,normalized_paired_contrast,LCPspell(expcost=0.25),LCPspell_expcost_0.25,0.5584260927970721,0.002775578666259455,0.99995,0.0002012889499682023,0.5584260927970721,0.002775578666259455
G,study2,4,Calendar-Time Divergence (Early vs Late),sensitivity_divergence_calendar,,normalized_paired_contrast,RLCPspell(expcost=0.25),RLCPspell_expcost_0.25,0.00037144561670030923,0.0011054432086599357,-0.018549999999999997,0.019623767257570885,0.00037144561670030923,0.0011054432086599357
G,study2,4,Calendar-Time Divergence (Early vs Late),sensitivity_divergence_calendar,,normalized_paired_contrast,LCPspell(expcost=0.50),LCPspell_expcost_0.50,0.5581940330794417,0.0027714208375743165,0.99995,0.0002012889499682023,0.5581940330794417,0.0027714208375743165
G,study2,4,Calendar-Time Divergence (Early vs Late),sensitivity_divergence_calendar,,normalized_paired_contrast,RLCPspell(expcost=0.50),RLCPspell_expcost_0.50,0.00037144561670030923,0.0011054432086599357,-0.018549999999999997,0.019623767257570885,0.00037144561670030923,0.0011054432086599357
G,study2,4,Calendar-Time Divergence (Early vs Late),sensitivity_divergence_calendar,,normalized_paired_contrast,LCPspell(expcost=0.75),LCPspell_expcost_0.75,0.5579621696881331,0.0027673151784671033,0.99995,0.0002012889499682023,0.5579621696881331,0.0027673151784671033
G,study2,4,Calendar-Time Divergence (Early vs Late),sensitivity_divergence_calendar,,normalized_paired_contrast,RLCPspell(expcost=0.75),RLCPspell_expcost_0.75,0.00037144561670030923,0.0011054432086599357,-0.018549999999999997,0.019623767257570885,0.00037144561670030923,0.0011054432086599357
G,study2,4,Calendar-Time Divergence (Early vs Late),sensitivity_divergence_calendar,,normalized_paired_contrast,LCPspell(expcost=1.00),LCPspell_expcost_1.00,0.5577305023739801,0.0027632617354289434,0.99995,0.0002012889499682023,0.5577305023739801,0.0027632617354289434
G,study2,4,Calendar-Time Divergence (Early vs Late),sensitivity_divergence_calendar,,normalized_paired_contrast,RLCPspell(expcost=1.00),RLCPspell_expcost_1.00,0.00037144561670030923,0.0011054432086599357,-0.018549999999999997,0.019623767257570885,0.00037144561670030923,0.0011054432086599357
G,study2,4,Calendar-Time Divergence (Early vs Late),sensitivity_divergence_calendar,,normalized_paired_contrast,LCPspell(expcost=1.50),LCPspell_expcost_1.50,0.557267754982586,0.0027553116730471673,0.99995,0.0002012889499682023,0.557267754982586,0.0027553116730471673
G,study2,4,Calendar-Time Divergence (Early vs Late),sensitivity_divergence_calendar,,normalized_paired_contrast,RLCPspell(expcost=1.50),RLCPspell_expcost_1.50,0.00037144561670030923,0.0011054432086599357,-0.018549999999999997,0.019623767257570885,0.00037144561670030923,0.0011054432086599357
G,study2,4,Calendar-Time Divergence (Early vs Late),sensitivity_divergence_calendar,,normalized_paired_contrast,LCPspell(expcost=2.00),LCPspell_expcost_2.00,0.55680578892035,0.002747570980088855,0.99995,0.0002012889499682023,0.55680578892035,0.002747570980088855
G,study2,4,Calendar-Time Divergence (Early vs Late),sensitivity_divergence_calendar,,normalized_paired_contrast,RLCPspell(expcost=2.00),RLCPspell_expcost_2.00,0.00037144561670030923,0.0011054432086599357,-0.018549999999999997,0.019623767257570885,0.00037144561670030923,0.0011054432086599357
G,study2,4,Calendar-Time Divergence (Early vs Late),sensitivity_divergence_calendar,,normalized_paired_contrast,OMspell(expcost=0.00),OMspell_expcost_0.00,0.44374857366462184,0.003828527262477468,0.9991833333333333,0.0007249653182350713,0.44374857366462184,0.003828527262477468
G,study2,4,Calendar-Time Divergence (Early vs Late),sensitivity_divergence_calendar,,normalized_paired_contrast,OMspellRS(expcost=0.00),OMspellRS_expcost_0.00,0.44374857366462184,0.003828527262477468,0.9991833333333333,0.0007249653182350713,0.44374857366462184,0.003828527262477468
G,study2,4,Calendar-Time Divergence (Early vs Late),sensitivity_divergence_calendar,,normalized_paired_contrast,OMspell(expcost=0.10),OMspell_expcost_0.10,0.44714294319198067,0.00365597085816911,0.9998166666666667,0.0003824452481284867,0.44714294319198067,0.00365597085816911
G,study2,4,Calendar-Time Divergence (Early vs Late),sensitivity_divergence_calendar,,normalized_paired_contrast,OMspellRS(expcost=0.10),OMspellRS_expcost_0.10,0.4439247009539628,0.0038192662004727694,0.9998166666666667,0.0003824452481284867,0.4439247009539628,0.0038192662004727694
G,study2,4,Calendar-Time Divergence (Early vs Late),sensitivity_divergence_calendar,,normalized_paired_contrast,OMspell(expcost=0.25),OMspell_expcost_0.25,0.4517165339235769,0.0034453977729220174,0.9999166666666668,0.000265334315252587,0.4517165339235769,0.0034453977729220174
G,study2,4,Calendar-Time Divergence (Early vs Late),sensitivity_divergence_calendar,,normalized_paired_contrast,OMspellRS(expcost=0.25),OMspellRS_expcost_0.25,0.4441841790848075,0.0038056813236074915,0.9998166666666667,0.0003824452481284867,0.4441841790848075,0.0038056813236074915
G,study2,4,Calendar-Time Divergence (Early vs Late),sensitivity_divergence_calendar,,normalized_paired_contrast,OMspell(expcost=0.50),OMspell_expcost_0.50,0.458192895852283,0.0031979920492665698,0.9999833333333333,9.128709291751764e-05,0.458192895852283,0.0031979920492665698
G,study2,4,Calendar-Time Divergence (Early vs Late),sensitivity_divergence_calendar,,normalized_paired_contrast,OMspellRS(expcost=0.50),OMspellRS_expcost_0.50,0.4446045156796719,0.0037838254079310013,0.9998166666666667,0.0003824452481284867,0.4446045156796719,0.0037838254079310013
G,study2,4,Calendar-Time Divergence (Early vs Late),sensitivity_divergence_calendar,,normalized_paired_contrast,OMspell(expcost=0.75),OMspell_expcost_0.75,0.4633025976276789,0.003056024271022821,0.9999833333333333,9.128709291751764e-05,0.4633025976276789,0.003056024271022821
G,study2,4,Calendar-Time Divergence (Early vs Late),sensitivity_divergence_calendar,,normalized_paired_contrast,OMspellRS(expcost=0.75),OMspellRS_expcost_0.75,0.44501037243163755,0.003762901745011744,0.9998166666666667,0.0003824452481284867,0.44501037243163755,0.003762901745011744
G,study2,4,Calendar-Time Divergence (Early vs Late),sensitivity_divergence_calendar,,normalized_paired_contrast,OMspell(expcost=1.00),OMspell_expcost_1.00,0.467608519492483,0.0029820402641480563,0.9999833333333333,9.128709291751764e-05,0.467608519492483,0.0029820402641480563
G,study2,4,Calendar-Time Divergence (Early vs Late),sensitivity_divergence_calendar,,normalized_paired_contrast,OMspellRS(expcost=1.00),OMspellRS_expcost_1.00,0.4454024848845934,0.003742856760666689,0.9998166666666667,0.0003824452481284867,0.4454024848845934,0.003742856760666689
G,study2,4,Calendar-Time Divergence (Early vs Late),sensitivity_divergence_calendar,,normalized_paired_contrast,OMspell(expcost=1.50),OMspell_expcost_1.50,0.4719510552412893,0.002945771803824173,0.9999666666666668,0.00012685406585121722,0.4719510552412893,0.002945771803824173
G,study2,4,Calendar-Time Divergence (Early vs Late),sensitivity_divergence_calendar,,normalized_paired_contrast,OMspellRS(expcost=1.50),OMspellRS_expcost_1.50,0.44614817813318275,0.0037052073692915425,0.9998166666666667,0.0003824452481284867,0.44614817813318275,0.0037052073692915425
G,study2,4,Calendar-Time Divergence (Early vs Late),sensitivity_divergence_calendar,,normalized_paired_contrast,OMspell(expcost=2.00),OMspell_expcost_2.00,0.47514481450099605,0.0030218144631454415,0.9999166666666668,0.0002305665186886816,0.47514481450099605,0.0030218144631454415
G,study2,4,Calendar-Time Divergence (Early vs Late),sensitivity_divergence_calendar,,normalized_paired_contrast,OMspellRS(expcost=2.00),OMspellRS_expcost_2.00,0.44684656952623886,0.003670519640850651,0.9998166666666667,0.0003824452481284867,0.44684656952623886,0.003670519640850651
H,study2,5,Calendar-Time Convergence (Early vs Late),sensitivity_convergence_calendar,,normalized_paired_contrast,Hamming,HAM,0.5997446416681615,0.0018240710477945281,1.0,0.0,0.5997446416681615,0.0018240710477945281
H,study2,5,Calendar-Time Convergence (Early vs Late),sensitivity_convergence_calendar,,normalized_paired_contrast,OM,OM,0.5080520151401918,0.0028973022200175728,1.0,0.0,0.5080520151401918,0.0028973022200175728
H,study2,5,Calendar-Time Convergence (Early vs Late),sensitivity_convergence_calendar,,normalized_paired_contrast,LCP,LCP,0.0,0.0,0.0,0.0,0.0,0.0
H,study2,5,Calendar-Time Convergence (Early vs Late),sensitivity_convergence_calendar,,normalized_paired_contrast,RLCP,RLCP,0.5997446416681615,0.0018240710477945281,1.0,0.0,0.5997446416681615,0.0018240710477945281
H,study2,5,Calendar-Time Convergence (Early vs Late),sensitivity_convergence_calendar,,normalized_paired_contrast,LCPmst,LCPmst,0.0,0.0,0.0,0.0,0.0,0.0
H,study2,5,Calendar-Time Convergence (Early vs Late),sensitivity_convergence_calendar,,normalized_paired_contrast,RLCPmst,RLCPmst,0.6071968271490189,0.001873171177753011,1.0,0.0,0.6071968271490189,0.001873171177753011
H,study2,5,Calendar-Time Convergence (Early vs Late),sensitivity_convergence_calendar,,normalized_paired_contrast,LCPspell(expcost=0.00),LCPspell_expcost_0.00,0.00013227278249223814,0.0012038208789810093,-0.014399999999999998,0.02105591898108302,0.00013227278249223814,0.0012038208789810093
H,study2,5,Calendar-Time Convergence (Early vs Late),sensitivity_convergence_calendar,,normalized_paired_contrast,RLCPspell(expcost=0.00),RLCPspell_expcost_0.00,0.6094608152361602,0.0024033566933441856,1.0,0.0,0.6094608152361602,0.0024033566933441856
H,study2,5,Calendar-Time Convergence (Early vs Late),sensitivity_convergence_calendar,,normalized_paired_contrast,LCPspell(expcost=0.10),LCPspell_expcost_0.10,0.00013227278249223814,0.0012038208789810093,-0.014399999999999998,0.02105591898108302,0.00013227278249223814,0.0012038208789810093
H,study2,5,Calendar-Time Convergence (Early vs Late),sensitivity_convergence_calendar,,normalized_paired_contrast,RLCPspell(expcost=0.10),RLCPspell_expcost_0.10,0.6093585482402304,0.002401628159749284,1.0,0.0,0.6093585482402304,0.002401628159749284
H,study2,5,Calendar-Time Convergence (Early vs Late),sensitivity_convergence_calendar,,normalized_paired_contrast,LCPspell(expcost=0.25),LCPspell_expcost_0.25,0.00013227278249223814,0.0012038208789810093,-0.014399999999999998,0.02105591898108302,0.00013227278249223814,0.0012038208789810093
H,study2,5,Calendar-Time Convergence (Early vs Late),sensitivity_convergence_calendar,,normalized_paired_contrast,RLCPspell(expcost=0.25),RLCPspell_expcost_0.25,0.6092052129105479,0.002399050656156003,1.0,0.0,0.6092052129105479,0.002399050656156003
H,study2,5,Calendar-Time Convergence (Early vs Late),sensitivity_convergence_calendar,,normalized_paired_contrast,LCPspell(expcost=0.50),LCPspell_expcost_0.50,0.00013227278249223814,0.0012038208789810093,-0.014399999999999998,0.02105591898108302,0.00013227278249223814,0.0012038208789810093
H,study2,5,Calendar-Time Convergence (Early vs Late),sensitivity_convergence_calendar,,normalized_paired_contrast,RLCPspell(expcost=0.50),RLCPspell_expcost_0.50,0.6089498276513504,0.0023947956580746546,1.0,0.0,0.6089498276513504,0.0023947956580746546
H,study2,5,Calendar-Time Convergence (Early vs Late),sensitivity_convergence_calendar,,normalized_paired_contrast,LCPspell(expcost=0.75),LCPspell_expcost_0.75,0.00013227278249223814,0.0012038208789810093,-0.014399999999999998,0.02105591898108302,0.00013227278249223814,0.0012038208789810093
H,study2,5,Calendar-Time Convergence (Early vs Late),sensitivity_convergence_calendar,,normalized_paired_contrast,RLCPspell(expcost=0.75),RLCPspell_expcost_0.75,0.6086946591820745,0.002390591791108177,1.0,0.0,0.6086946591820745,0.002390591791108177
H,study2,5,Calendar-Time Convergence (Early vs Late),sensitivity_convergence_calendar,,normalized_paired_contrast,LCPspell(expcost=1.00),LCPspell_expcost_1.00,0.00013227278249223814,0.0012038208789810093,-0.014399999999999998,0.02105591898108302,0.00013227278249223814,0.0012038208789810093
H,study2,5,Calendar-Time Convergence (Early vs Late),sensitivity_convergence_calendar,,normalized_paired_contrast,RLCPspell(expcost=1.00),RLCPspell_expcost_1.00,0.6084397072266969,0.002386439145200244,1.0,0.0,0.6084397072266969,0.002386439145200244
H,study2,5,Calendar-Time Convergence (Early vs Late),sensitivity_convergence_calendar,,normalized_paired_contrast,LCPspell(expcost=1.50),LCPspell_expcost_1.50,0.00013227278249223814,0.0012038208789810093,-0.014399999999999998,0.02105591898108302,0.00013227278249223814,0.0012038208789810093
H,study2,5,Calendar-Time Convergence (Early vs Late),sensitivity_convergence_calendar,,normalized_paired_contrast,RLCPspell(expcost=1.50),RLCPspell_expcost_1.50,0.6079304517558841,0.0023782878657763996,1.0,0.0,0.6079304517558841,0.0023782878657763996
H,study2,5,Calendar-Time Convergence (Early vs Late),sensitivity_convergence_calendar,,normalized_paired_contrast,LCPspell(expcost=2.00),LCPspell_expcost_2.00,0.00013227278249223814,0.0012038208789810093,-0.014399999999999998,0.02105591898108302,0.00013227278249223814,0.0012038208789810093
H,study2,5,Calendar-Time Convergence (Early vs Late),sensitivity_convergence_calendar,,normalized_paired_contrast,RLCPspell(expcost=2.00),RLCPspell_expcost_2.00,0.607422059040078,0.0023703424965714733,1.0,0.0,0.607422059040078,0.0023703424965714733
H,study2,5,Calendar-Time Convergence (Early vs Late),sensitivity_convergence_calendar,,normalized_paired_contrast,OMspell(expcost=0.00),OMspell_expcost_0.00,0.486633358361984,0.0034426831531773894,0.9997833333333335,0.0004291799183312999,0.486633358361984,0.0034426831531773894
H,study2,5,Calendar-Time Convergence (Early vs Late),sensitivity_convergence_calendar,,normalized_paired_contrast,OMspellRS(expcost=0.00),OMspellRS_expcost_0.00,0.486633358361984,0.0034426831531773894,0.9997833333333335,0.0004291799183312999,0.486633358361984,0.0034426831531773894
H,study2,5,Calendar-Time Convergence (Early vs Late),sensitivity_convergence_calendar,,normalized_paired_contrast,OMspell(expcost=0.10),OMspell_expcost_0.10,0.4902699506649357,0.0032856856471401106,0.9999333333333333,0.0002537081317024345,0.4902699506649357,0.0032856856471401106
H,study2,5,Calendar-Time Convergence (Early vs Late),sensitivity_convergence_calendar,,normalized_paired_contrast,OMspellRS(expcost=0.10),OMspellRS_expcost_0.10,0.48682206264237493,0.0034340720982840678,0.9999333333333333,0.0002537081317024345,0.48682206264237493,0.0034340720982840678
H,study2,5,Calendar-Time Convergence (Early vs Late),sensitivity_convergence_calendar,,normalized_paired_contrast,OMspell(expcost=0.25),OMspell_expcost_0.25,0.49516936713620674,0.0031074882354356625,0.9999666666666668,0.00018257418583503528,0.49516936713620674,0.0031074882354356625
H,study2,5,Calendar-Time Convergence (Early vs Late),sensitivity_convergence_calendar,,normalized_paired_contrast,OMspellRS(expcost=0.25),OMspellRS_expcost_0.25,0.4871000680253804,0.0034214746677807637,0.9999333333333333,0.0002537081317024345,0.4871000680253804,0.0034214746677807637
H,study2,5,Calendar-Time Convergence (Early vs Late),sensitivity_convergence_calendar,,normalized_paired_contrast,OMspell(expcost=0.50),OMspell_expcost_0.50,0.5021031104889285,0.002937526672313548,1.0,0.0,0.5021031104889285,0.002937526672313548
H,study2,5,Calendar-Time Convergence (Early vs Late),sensitivity_convergence_calendar,,normalized_paired_contrast,OMspellRS(expcost=0.50),OMspellRS_expcost_0.50,0.4875504131882609,0.0034012948782823397,0.9999333333333333,0.0002537081317024345,0.4875504131882609,0.0034012948782823397
H,study2,5,Calendar-Time Convergence (Early vs Late),sensitivity_convergence_calendar,,normalized_paired_contrast,OMspell(expcost=0.75),OMspell_expcost_0.75,0.5075628326890552,0.002886866099046179,1.0,0.0,0.5075628326890552,0.002886866099046179
H,study2,5,Calendar-Time Convergence (Early vs Late),sensitivity_convergence_calendar,,normalized_paired_contrast,OMspellRS(expcost=0.75),OMspellRS_expcost_0.75,0.48798523972616153,0.003382081083975579,0.9999333333333333,0.0002537081317024345,0.48798523972616153,0.003382081083975579
H,study2,5,Calendar-Time Convergence (Early vs Late),sensitivity_convergence_calendar,,normalized_paired_contrast,OMspell(expcost=1.00),OMspell_expcost_1.00,0.5121626861674581,0.0029037843171963074,1.0,0.0,0.5121626861674581,0.0029037843171963074
H,study2,5,Calendar-Time Convergence (Early vs Late),sensitivity_convergence_calendar,,normalized_paired_contrast,OMspellRS(expcost=1.00),OMspellRS_expcost_1.00,0.48840533620412785,0.003363775188404177,0.9999333333333333,0.0002537081317024345,0.48840533620412785,0.003363775188404177
H,study2,5,Calendar-Time Convergence (Early vs Late),sensitivity_convergence_calendar,,normalized_paired_contrast,OMspell(expcost=1.50),OMspell_expcost_1.50,0.5169872247476731,0.0030242319163166454,1.0,0.0,0.5169872247476731,0.0030242319163166454
H,study2,5,Calendar-Time Convergence (Early vs Late),sensitivity_convergence_calendar,,normalized_paired_contrast,OMspellRS(expcost=1.50),OMspellRS_expcost_1.50,0.4892042348561455,0.0033296753927635732,0.9999333333333333,0.0002537081317024345,0.4892042348561455,0.0033296753927635732
H,study2,5,Calendar-Time Convergence (Early vs Late),sensitivity_convergence_calendar,,normalized_paired_contrast,OMspell(expcost=2.00),OMspell_expcost_2.00,0.5205517591832456,0.003202558927517083,1.0,0.0,0.5205517591832456,0.003202558927517083
H,study2,5,Calendar-Time Convergence (Early vs Late),sensitivity_convergence_calendar,,normalized_paired_contrast,OMspellRS(expcost=2.00),OMspellRS_expcost_2.00,0.4899524415119825,0.003298608704641078,0.9999333333333333,0.0002537081317024345,0.4899524415119825,0.003298608704641078
I,study2,6,Spell-Order Divergence (Early vs Late),sensitivity_divergence_spell_order,,normalized_paired_contrast,Hamming,HAM,0.33273254052649653,0.0028883178823626864,1.0,0.0,0.33273254052649653,0.0028883178823626864
I,study2,6,Spell-Order Divergence (Early vs Late),sensitivity_divergence_spell_order,,normalized_paired_contrast,OM,OM,0.27528096892064136,0.003974962413207296,0.9488666666666667,0.004576803080402508,0.27528096892064136,0.003974962413207296
I,study2,6,Spell-Order Divergence (Early vs Late),sensitivity_divergence_spell_order,,normalized_paired_contrast,LCP,LCP,0.33273254052649653,0.0028883178823626864,1.0,0.0,0.33273254052649653,0.0028883178823626864
I,study2,6,Spell-Order Divergence (Early vs Late),sensitivity_divergence_spell_order,,normalized_paired_contrast,RLCP,RLCP,0.0,0.0,0.0,0.0,0.0,0.0
I,study2,6,Spell-Order Divergence (Early vs Late),sensitivity_divergence_spell_order,,normalized_paired_contrast,LCPmst,LCPmst,0.33273254052649653,0.0028883178823626864,1.0,0.0,0.33273254052649653,0.0028883178823626864
I,study2,6,Spell-Order Divergence (Early vs Late),sensitivity_divergence_spell_order,,normalized_paired_contrast,RLCPmst,RLCPmst,0.0,0.0,0.0,0.0,0.0,0.0
I,study2,6,Spell-Order Divergence (Early vs Late),sensitivity_divergence_spell_order,,normalized_paired_contrast,LCPspell(expcost=0.00),LCPspell_expcost_0.00,0.3333333333333334,1.1292025708167404e-16,1.0,0.0,0.3333333333333334,1.1292025708167404e-16
I,study2,6,Spell-Order Divergence (Early vs Late),sensitivity_divergence_spell_order,,normalized_paired_contrast,RLCPspell(expcost=0.00),RLCPspell_expcost_0.00,0.0,0.0,0.0,0.0,0.0,0.0
I,study2,6,Spell-Order Divergence (Early vs Late),sensitivity_divergence_spell_order,,normalized_paired_contrast,LCPspell(expcost=0.10),LCPspell_expcost_0.10,0.3333333333333334,1.1292025708167404e-16,1.0,0.0,0.3333333333333334,1.1292025708167404e-16
I,study2,6,Spell-Order Divergence (Early vs Late),sensitivity_divergence_spell_order,,normalized_paired_contrast,RLCPspell(expcost=0.10),RLCPspell_expcost_0.10,0.0,0.0,0.0,0.0,0.0,0.0
I,study2,6,Spell-Order Divergence (Early vs Late),sensitivity_divergence_spell_order,,normalized_paired_contrast,LCPspell(expcost=0.25),LCPspell_expcost_0.25,0.3333333333333334,1.1292025708167404e-16,1.0,0.0,0.3333333333333334,1.1292025708167404e-16
I,study2,6,Spell-Order Divergence (Early vs Late),sensitivity_divergence_spell_order,,normalized_paired_contrast,RLCPspell(expcost=0.25),RLCPspell_expcost_0.25,0.0,0.0,0.0,0.0,0.0,0.0
I,study2,6,Spell-Order Divergence (Early vs Late),sensitivity_divergence_spell_order,,normalized_paired_contrast,LCPspell(expcost=0.50),LCPspell_expcost_0.50,0.3333333333333334,1.1292025708167404e-16,1.0,0.0,0.3333333333333334,1.1292025708167404e-16
I,study2,6,Spell-Order Divergence (Early vs Late),sensitivity_divergence_spell_order,,normalized_paired_contrast,RLCPspell(expcost=0.50),RLCPspell_expcost_0.50,0.0,0.0,0.0,0.0,0.0,0.0
I,study2,6,Spell-Order Divergence (Early vs Late),sensitivity_divergence_spell_order,,normalized_paired_contrast,LCPspell(expcost=0.75),LCPspell_expcost_0.75,0.3333333333333334,1.1292025708167404e-16,1.0,0.0,0.3333333333333334,1.1292025708167404e-16
I,study2,6,Spell-Order Divergence (Early vs Late),sensitivity_divergence_spell_order,,normalized_paired_contrast,RLCPspell(expcost=0.75),RLCPspell_expcost_0.75,0.0,0.0,0.0,0.0,0.0,0.0
I,study2,6,Spell-Order Divergence (Early vs Late),sensitivity_divergence_spell_order,,normalized_paired_contrast,LCPspell(expcost=1.00),LCPspell_expcost_1.00,0.3333333333333334,1.1292025708167404e-16,1.0,0.0,0.3333333333333334,1.1292025708167404e-16
I,study2,6,Spell-Order Divergence (Early vs Late),sensitivity_divergence_spell_order,,normalized_paired_contrast,RLCPspell(expcost=1.00),RLCPspell_expcost_1.00,0.0,0.0,0.0,0.0,0.0,0.0
I,study2,6,Spell-Order Divergence (Early vs Late),sensitivity_divergence_spell_order,,normalized_paired_contrast,LCPspell(expcost=1.50),LCPspell_expcost_1.50,0.3333333333333334,1.1292025708167404e-16,1.0,0.0,0.3333333333333334,1.1292025708167404e-16
I,study2,6,Spell-Order Divergence (Early vs Late),sensitivity_divergence_spell_order,,normalized_paired_contrast,RLCPspell(expcost=1.50),RLCPspell_expcost_1.50,0.0,0.0,0.0,0.0,0.0,0.0
I,study2,6,Spell-Order Divergence (Early vs Late),sensitivity_divergence_spell_order,,normalized_paired_contrast,LCPspell(expcost=2.00),LCPspell_expcost_2.00,0.3333333333333334,1.1292025708167404e-16,1.0,0.0,0.3333333333333334,1.1292025708167404e-16
I,study2,6,Spell-Order Divergence (Early vs Late),sensitivity_divergence_spell_order,,normalized_paired_contrast,RLCPspell(expcost=2.00),RLCPspell_expcost_2.00,0.0,0.0,0.0,0.0,0.0,0.0
I,study2,6,Spell-Order Divergence (Early vs Late),sensitivity_divergence_spell_order,,normalized_paired_contrast,OMspell(expcost=0.00),OMspell_expcost_0.00,0.24735273285684162,0.0037463418405157783,0.8093833333333333,0.00907315416141386,0.24735273285684162,0.0037463418405157783
I,study2,6,Spell-Order Divergence (Early vs Late),sensitivity_divergence_spell_order,,normalized_paired_contrast,OMspellRS(expcost=0.00),OMspellRS_expcost_0.00,0.24735273285684162,0.0037463418405157783,0.8093833333333333,0.00907315416141386,0.24735273285684162,0.0037463418405157783
I,study2,6,Spell-Order Divergence (Early vs Late),sensitivity_divergence_spell_order,,normalized_paired_contrast,OMspell(expcost=0.10),OMspell_expcost_0.10,0.2596543871263709,0.003181952600377083,0.9510833333333333,0.004307338031724496,0.2596543871263709,0.003181952600377083
I,study2,6,Spell-Order Divergence (Early vs Late),sensitivity_divergence_spell_order,,normalized_paired_contrast,OMspellRS(expcost=0.10),OMspellRS_expcost_0.10,0.24818575389954717,0.003691728063366022,0.9510833333333333,0.004307338031724496,0.24818575389954717,0.003691728063366022
I,study2,6,Spell-Order Divergence (Early vs Late),sensitivity_divergence_spell_order,,normalized_paired_contrast,OMspell(expcost=0.25),OMspell_expcost_0.25,0.26890976684361073,0.0031845292385432543,0.9510833333333333,0.004307338031724496,0.26890976684361073,0.0031845292385432543
I,study2,6,Spell-Order Divergence (Early vs Late),sensitivity_divergence_spell_order,,normalized_paired_contrast,OMspellRS(expcost=0.25),OMspellRS_expcost_0.25,0.2493635393924614,0.0036178880515914153,0.9510833333333333,0.004307338031724496,0.2493635393924614,0.0036178880515914153
I,study2,6,Spell-Order Divergence (Early vs Late),sensitivity_divergence_spell_order,,normalized_paired_contrast,OMspell(expcost=0.50),OMspell_expcost_0.50,0.275566692098094,0.0034904406129927542,0.9510833333333333,0.004307338031724496,0.275566692098094,0.0034904406129927542
I,study2,6,Spell-Order Divergence (Early vs Late),sensitivity_divergence_spell_order,,normalized_paired_contrast,OMspellRS(expcost=0.50),OMspellRS_expcost_0.50,0.2511559708353946,0.00351366765392233,0.9510833333333333,0.004307338031724496,0.2511559708353946,0.00351366765392233
I,study2,6,Spell-Order Divergence (Early vs Late),sensitivity_divergence_spell_order,,normalized_paired_contrast,OMspell(expcost=0.75),OMspell_expcost_0.75,0.27856317327794516,0.003718614088264876,0.9510833333333333,0.004307338031724496,0.27856317327794516,0.003718614088264876
I,study2,6,Spell-Order Divergence (Early vs Late),sensitivity_divergence_spell_order,,normalized_paired_contrast,OMspellRS(expcost=0.75),OMspellRS_expcost_0.75,0.25276376946091017,0.003429270416488575,0.9510833333333333,0.004307338031724496,0.25276376946091017,0.003429270416488575
I,study2,6,Spell-Order Divergence (Early vs Late),sensitivity_divergence_spell_order,,normalized_paired_contrast,OMspell(expcost=1.00),OMspell_expcost_1.00,0.28036835874183375,0.0038800234966445577,0.9510833333333333,0.004307338031724496,0.28036835874183375,0.0038800234966445577
I,study2,6,Spell-Order Divergence (Early vs Late),sensitivity_divergence_spell_order,,normalized_paired_contrast,OMspellRS(expcost=1.00),OMspellRS_expcost_1.00,0.2542140662965192,0.0033611355179531763,0.9510833333333333,0.004307338031724496,0.2542140662965192,0.0033611355179531763
I,study2,6,Spell-Order Divergence (Early vs Late),sensitivity_divergence_spell_order,,normalized_paired_contrast,OMspell(expcost=1.50),OMspell_expcost_1.50,0.2822100501339592,0.004083112714609514,0.9510833333333333,0.004307338031724496,0.2822100501339592,0.004083112714609514
I,study2,6,Spell-Order Divergence (Early vs Late),sensitivity_divergence_spell_order,,normalized_paired_contrast,OMspellRS(expcost=1.50),OMspellRS_expcost_1.50,0.25672647104155927,0.003262626563175777,0.9510833333333333,0.004307338031724496,0.25672647104155927,0.003262626563175777
I,study2,6,Spell-Order Divergence (Early vs Late),sensitivity_divergence_spell_order,,normalized_paired_contrast,OMspell(expcost=2.00),OMspell_expcost_2.00,0.28323784988825235,0.004204506467288519,0.9510833333333333,0.004307338031724496,0.28323784988825235,0.004204506467288519
I,study2,6,Spell-Order Divergence (Early vs Late),sensitivity_divergence_spell_order,,normalized_paired_contrast,OMspellRS(expcost=2.00),OMspellRS_expcost_2.00,0.25882728383516634,0.0032008278223220727,0.9510833333333333,0.004307338031724496,0.25882728383516634,0.0032008278223220727
J,study2,7,Spell-Order Convergence (Early vs Late),sensitivity_convergence_spell_order,,normalized_paired_contrast,Hamming,HAM,0.49918314807379177,0.004988757560384575,1.0,0.0,0.49918314807379177,0.004988757560384575
J,study2,7,Spell-Order Convergence (Early vs Late),sensitivity_convergence_spell_order,,normalized_paired_contrast,OM,OM,0.40004610515927136,0.005548645061875321,0.9588666666666666,0.0042262181131870035,0.40004610515927136,0.005548645061875321
J,study2,7,Spell-Order Convergence (Early vs Late),sensitivity_convergence_spell_order,,normalized_paired_contrast,LCP,LCP,0.0,0.0,0.0,0.0,0.0,0.0
J,study2,7,Spell-Order Convergence (Early vs Late),sensitivity_convergence_spell_order,,normalized_paired_contrast,RLCP,RLCP,0.49918314807379177,0.004988757560384575,1.0,0.0,0.49918314807379177,0.004988757560384575
J,study2,7,Spell-Order Convergence (Early vs Late),sensitivity_convergence_spell_order,,normalized_paired_contrast,LCPmst,LCPmst,0.0,0.0,0.0,0.0,0.0,0.0
J,study2,7,Spell-Order Convergence (Early vs Late),sensitivity_convergence_spell_order,,normalized_paired_contrast,RLCPmst,RLCPmst,0.49918314807379177,0.004988757560384575,1.0,0.0,0.49918314807379177,0.004988757560384575
J,study2,7,Spell-Order Convergence (Early vs Late),sensitivity_convergence_spell_order,,normalized_paired_contrast,LCPspell(expcost=0.00),LCPspell_expcost_0.00,0.0,0.0,0.0,0.0,0.0,0.0
J,study2,7,Spell-Order Convergence (Early vs Late),sensitivity_convergence_spell_order,,normalized_paired_contrast,RLCPspell(expcost=0.00),RLCPspell_expcost_0.00,0.5,0.0,1.0,0.0,0.5,0.0
J,study2,7,Spell-Order Convergence (Early vs Late),sensitivity_convergence_spell_order,,normalized_paired_contrast,LCPspell(expcost=0.10),LCPspell_expcost_0.10,0.0,0.0,0.0,0.0,0.0,0.0
J,study2,7,Spell-Order Convergence (Early vs Late),sensitivity_convergence_spell_order,,normalized_paired_contrast,RLCPspell(expcost=0.10),RLCPspell_expcost_0.10,0.5,0.0,1.0,0.0,0.5,0.0
J,study2,7,Spell-Order Convergence (Early vs Late),sensitivity_convergence_spell_order,,normalized_paired_contrast,LCPspell(expcost=0.25),LCPspell_expcost_0.25,0.0,0.0,0.0,0.0,0.0,0.0
J,study2,7,Spell-Order Convergence (Early vs Late),sensitivity_convergence_spell_order,,normalized_paired_contrast,RLCPspell(expcost=0.25),RLCPspell_expcost_0.25,0.5,0.0,1.0,0.0,0.5,0.0
J,study2,7,Spell-Order Convergence (Early vs Late),sensitivity_convergence_spell_order,,normalized_paired_contrast,LCPspell(expcost=0.50),LCPspell_expcost_0.50,0.0,0.0,0.0,0.0,0.0,0.0
J,study2,7,Spell-Order Convergence (Early vs Late),sensitivity_convergence_spell_order,,normalized_paired_contrast,RLCPspell(expcost=0.50),RLCPspell_expcost_0.50,0.5,0.0,1.0,0.0,0.5,0.0
J,study2,7,Spell-Order Convergence (Early vs Late),sensitivity_convergence_spell_order,,normalized_paired_contrast,LCPspell(expcost=0.75),LCPspell_expcost_0.75,0.0,0.0,0.0,0.0,0.0,0.0
J,study2,7,Spell-Order Convergence (Early vs Late),sensitivity_convergence_spell_order,,normalized_paired_contrast,RLCPspell(expcost=0.75),RLCPspell_expcost_0.75,0.5,0.0,1.0,0.0,0.5,0.0
J,study2,7,Spell-Order Convergence (Early vs Late),sensitivity_convergence_spell_order,,normalized_paired_contrast,LCPspell(expcost=1.00),LCPspell_expcost_1.00,0.0,0.0,0.0,0.0,0.0,0.0
J,study2,7,Spell-Order Convergence (Early vs Late),sensitivity_convergence_spell_order,,normalized_paired_contrast,RLCPspell(expcost=1.00),RLCPspell_expcost_1.00,0.5,0.0,1.0,0.0,0.5,0.0
J,study2,7,Spell-Order Convergence (Early vs Late),sensitivity_convergence_spell_order,,normalized_paired_contrast,LCPspell(expcost=1.50),LCPspell_expcost_1.50,0.0,0.0,0.0,0.0,0.0,0.0
J,study2,7,Spell-Order Convergence (Early vs Late),sensitivity_convergence_spell_order,,normalized_paired_contrast,RLCPspell(expcost=1.50),RLCPspell_expcost_1.50,0.5,0.0,1.0,0.0,0.5,0.0
J,study2,7,Spell-Order Convergence (Early vs Late),sensitivity_convergence_spell_order,,normalized_paired_contrast,LCPspell(expcost=2.00),LCPspell_expcost_2.00,0.0,0.0,0.0,0.0,0.0,0.0
J,study2,7,Spell-Order Convergence (Early vs Late),sensitivity_convergence_spell_order,,normalized_paired_contrast,RLCPspell(expcost=2.00),RLCPspell_expcost_2.00,0.5,0.0,1.0,0.0,0.5,0.0
J,study2,7,Spell-Order Convergence (Early vs Late),sensitivity_convergence_spell_order,,normalized_paired_contrast,OMspell(expcost=0.00),OMspell_expcost_0.00,0.3169440077176603,0.0032906630318846482,0.8181333333333333,0.00910185026029977,0.3169440077176603,0.0032906630318846482
J,study2,7,Spell-Order Convergence (Early vs Late),sensitivity_convergence_spell_order,,normalized_paired_contrast,OMspellRS(expcost=0.00),OMspellRS_expcost_0.00,0.3169440077176603,0.0032906630318846482,0.8181333333333333,0.00910185026029977,0.3169440077176603,0.0032906630318846482
J,study2,7,Spell-Order Convergence (Early vs Late),sensitivity_convergence_spell_order,,normalized_paired_contrast,OMspell(expcost=0.10),OMspell_expcost_0.10,0.34576623629755127,0.0029498835263219543,0.9588666666666666,0.0042262181131870035,0.34576623629755127,0.0029498835263219543
J,study2,7,Spell-Order Convergence (Early vs Late),sensitivity_convergence_spell_order,,normalized_paired_contrast,OMspellRS(expcost=0.10),OMspellRS_expcost_0.10,0.3188575302583788,0.003227757961473647,0.9588666666666666,0.0042262181131870035,0.3188575302583788,0.003227757961473647
J,study2,7,Spell-Order Convergence (Early vs Late),sensitivity_convergence_spell_order,,normalized_paired_contrast,OMspell(expcost=0.25),OMspell_expcost_0.25,0.3685560309514487,0.003646350432280751,0.9588666666666666,0.0042262181131870035,0.3685560309514487,0.003646350432280751
J,study2,7,Spell-Order Convergence (Early vs Late),sensitivity_convergence_spell_order,,normalized_paired_contrast,OMspellRS(expcost=0.25),OMspellRS_expcost_0.25,0.32157231162095395,0.0031467243483195148,0.9588666666666666,0.0042262181131870035,0.32157231162095395,0.0031467243483195148
J,study2,7,Spell-Order Convergence (Early vs Late),sensitivity_convergence_spell_order,,normalized_paired_contrast,OMspell(expcost=0.50),OMspell_expcost_0.50,0.38692314000813244,0.0045973351130542805,0.9588666666666666,0.0042262181131870035,0.38692314000813244,0.0045973351130542805
J,study2,7,Spell-Order Convergence (Early vs Late),sensitivity_convergence_spell_order,,normalized_paired_contrast,OMspellRS(expcost=0.50),OMspellRS_expcost_0.50,0.32572489793020887,0.003043027950568978,0.9588666666666666,0.0042262181131870035,0.32572489793020887,0.003043027950568978
J,study2,7,Spell-Order Convergence (Early vs Late),sensitivity_convergence_spell_order,,normalized_paired_contrast,OMspell(expcost=0.75),OMspell_expcost_0.75,0.3963064966805077,0.005172180838245184,0.9588666666666666,0.0042262181131870035,0.3963064966805077,0.005172180838245184
J,study2,7,Spell-Order Convergence (Early vs Late),sensitivity_convergence_spell_order,,normalized_paired_contrast,OMspellRS(expcost=0.75),OMspellRS_expcost_0.75,0.32947152874938046,0.002972405208742121,0.9588666666666666,0.0042262181131870035,0.32947152874938046,0.002972405208742121
J,study2,7,Spell-Order Convergence (Early vs Late),sensitivity_convergence_spell_order,,normalized_paired_contrast,OMspell(expcost=1.00),OMspell_expcost_1.00,0.4020241448350627,0.005539785932698526,0.9588666666666666,0.0042262181131870035,0.4020241448350627,0.005539785932698526
J,study2,7,Spell-Order Convergence (Early vs Late),sensitivity_convergence_spell_order,,normalized_paired_contrast,OMspellRS(expcost=1.00),OMspellRS_expcost_1.00,0.33286896098264535,0.002928630106891842,0.9588666666666666,0.0042262181131870035,0.33286896098264535,0.002928630106891842
J,study2,7,Spell-Order Convergence (Early vs Late),sensitivity_convergence_spell_order,,normalized_paired_contrast,OMspell(expcost=1.50),OMspell_expcost_1.50,0.40859684014685743,0.0059713610013330115,0.9588666666666666,0.0042262181131870035,0.40859684014685743,0.0059713610013330115
J,study2,7,Spell-Order Convergence (Early vs Late),sensitivity_convergence_spell_order,,normalized_paired_contrast,OMspellRS(expcost=1.50),OMspellRS_expcost_1.50,0.3387948648338176,0.0029010870854630747,0.9588666666666666,0.0042262181131870035,0.3387948648338176,0.0029010870854630747
J,study2,7,Spell-Order Convergence (Early vs Late),sensitivity_convergence_spell_order,,normalized_paired_contrast,OMspell(expcost=2.00),OMspell_expcost_2.00,0.41228707068858456,0.006219125927987757,0.9588666666666666,0.0042262181131870035,0.41228707068858456,0.006219125927987757
J,study2,7,Spell-Order Convergence (Early vs Late),sensitivity_convergence_spell_order,,normalized_paired_contrast,OMspellRS(expcost=2.00),OMspellRS_expcost_2.00,0.34378970885796234,0.002927214212799144,0.9588666666666666,0.0042262181131870035,0.34378970885796234,0.002927214212799144
